2.653788, 3.611820
2.653788, 3.629574
2.977072, 3.252769
2.977072, 4.424224
4.025428, 5.452266
4.025428, 3.378123
4.101428, 4.276474
3.709360, 6.589756
3.223801, 4.823241
6.196458, 4.807460
6.027874, 9.340050
6.027874, 6.027331
7.731340, 6.949253
7.094429, 9.528062
9.981696, 9.963251
9.981696, 8.628919
10.056091, 10.735117
10.578571, 11.406550
12.592680, 12.524349
12.592680, 12.429125
11.781457, 14.150892
13.099412, 13.316877
17.095844, 16.637829
15.426013, 16.367599
16.605789, 16.889332
16.605789, 17.033426
16.680151, 17.513296
16.627615, 17.568283
17.801929, 17.577198
17.801929, 17.248394
17.781942, 18.183737
17.458996, 17.851503
16.806303, 17.300919
20.197094, 17.643688
20.182650, 18.241392
19.194405, 18.193745
19.196419, 17.678505
19.585220, 18.206360
19.603098, 18.376410
21.684011, 18.801792
19.610023, 19.377542
19.603788, 19.489590
19.614578, 19.001221
19.666359, 19.267387
20.956047, 18.953547
20.209930, 19.035860
18.991798, 19.329153
20.434708, 19.296541
20.455776, 18.838644
19.670773, 19.038229
20.456469, 18.359854
19.578386, 18.259634
18.379709, 18.328096
19.566767, 17.959961
18.472513, 17.732695
18.646460, 17.292030
18.646460, 17.455574
18.414436, 17.244085
16.539871, 16.285543
17.749041, 15.798945
17.150759, 14.990965
16.732765, 14.359323
16.732765, 13.973968
15.328584, 13.799057
15.929300, 12.927000
15.929300, 13.674075
14.137255, 13.122797
13.728535, 13.667304
13.728535, 13.332780
13.529789, 13.262568
13.203908, 13.237579
11.683692, 13.323912
13.054593, 13.234646
12.465825, 13.143795
13.498373, 12.928558
12.894109, 12.426399
11.703883, 12.045081
11.128669, 11.390132
11.128669, 10.339085
10.100122, 9.694219
9.315840, 8.994133
9.315840, 7.963564
6.933496, 7.540521
5.740345, 6.330102
5.740345, 4.841175
2.778661, 3.628906
2.778661, 2.677704
2.179439, 0.892099
-1.624775, 0.438048
-2.585812, -2.143769
-2.585812, -3.906376
-6.420586, -5.483266
-7.068707, -6.870866
-7.068707, -8.796732
-10.022431, -8.263910
-10.554099, -10.026649
-14.421014, -11.304893
-14.421014, -11.732860
-14.385729, -12.765777
-13.681032, -13.436451
-13.681032, -13.350538
-14.376213, -13.094771
-15.586794, -15.583463
-15.586794, -13.946685
-13.233900, -12.914821
-10.851798, -11.499894
-11.221140, -8.379189
-11.221140, -7.599239
-6.288501, -5.886947
-2.388403, -3.077070
-1.096998, -1.619652
-0.000000, 1.292266
-0.000000, 4.307073
3.983906, 5.069050
5.783826, 6.722224
11.309235, 9.715143
11.309235, 9.144008
15.799832, 10.725686
14.246041, 15.574266
14.246041, 15.983219
14.953382, 17.121548
17.829586, 19.648659
17.829586, 19.229897
17.724356, 19.228600
18.466196, 18.953817
19.653795, 19.483843
19.653795, 19.092699
19.833548, 18.484173
19.833548, 18.135294
19.075401, 17.962679
19.075401, 18.437027
17.980642, 17.905699
17.980642, 17.652191
18.541780, 17.854881
16.515707, 17.288763
17.709614, 16.845322
17.709614, 16.364973
15.997734, 16.775789
15.997734, 15.882891
16.504892, 15.890496
16.737541, 15.152245
14.158317, 15.224976
14.158317, 14.913077
15.487893, 14.619449
14.218853, 14.489031
13.715737, 13.517092
13.715737, 13.931176
11.753250, 13.128326
11.753250, 12.667727
12.537036, 12.651161
12.537036, 12.108488
11.754381, 11.537024
11.754381, 11.000989
10.255326, 11.069518
11.768984, 10.625606
11.365699, 11.664549
11.365699, 11.744993
10.750648, 11.936931
12.559538, 11.848217
10.579545, 11.701108
10.579545, 11.718728
9.396111, 10.806383
9.396111, 10.280261
10.577133, 10.604047
10.577133, 10.896388
10.739415, 10.124415
10.003691, 10.889144
10.598781, 9.506562
10.598781, 9.871806
10.849025, 10.020924
11.795507, 10.359386
13.221903, 11.312021
13.221903, 12.104422
12.375093, 12.233878
14.274386, 12.098340
13.566408, 12.637900
13.566408, 12.893386
13.751636, 13.984037
14.742323, 13.587667
16.716728, 15.056634
16.716728, 14.977524
15.962302, 16.046759
15.962302, 17.340761
16.583532, 17.228386
16.583532, 17.345201
17.791262, 17.198704
17.791262, 17.547562
16.560312, 17.641563
16.560312, 17.482731
17.325159, 17.250624
16.652372, 17.117277
16.611629, 16.857000
16.011209, 16.613403
17.244837, 16.190285
17.244837, 15.376308
15.422137, 15.176521
15.422137, 13.788875
14.478355, 13.959544
14.478355, 14.161009
13.673339, 14.036402
14.316080, 11.874656
14.316080, 10.982974
10.145757, 10.297360
9.489371, 9.197514
9.489371, 8.556691
7.673437, 7.830421
7.101181, 7.208359
7.099316, 6.419843
5.854506, 5.663579
4.427184, 5.115142
4.427184, 4.194804
1.824133, 2.941454
1.621452, 2.448318
1.621452, 2.300598
1.894347, 2.505427
0.607882, 1.889356
0.607882, 1.065446
2.712769, 1.451352
2.480667, 2.668028
2.480667, 2.644056
3.067473, 1.831679
4.982944, 2.497259
4.756447, 4.191657
4.756447, 3.792046
6.599999, 3.115134
6.599999, 4.321894
9.415298, 6.472393
9.596463, 6.644939
11.380098, 9.639347
12.872019, 11.009815
14.431527, 13.452545
16.182985, 15.161490
17.170731, 17.168489
15.881240, 16.640343
16.148905, 14.512604
14.620339, 16.117472
15.914594, 14.639961
15.881201, 14.376038
14.589595, 15.343234
14.589595, 15.854912
14.072671, 15.804234
12.808719, 15.224209
12.317116, 14.103521
12.058469, 14.351869
12.068179, 12.916085
11.006550, 12.519598
11.441672, 11.975902
10.886935, 11.421538
10.359980, 10.723491
9.628891, 9.628328
8.609204, 10.270234
6.557508, 9.100485
7.474213, 9.172713
7.474213, 7.567955
5.930233, 8.826707
5.521252, 6.377043
4.183966, 5.674170
4.301213, 5.842720
3.304754, 5.393955
4.503147, 3.299270
3.884084, 3.501198
3.679659, 3.736810
5.104372, 3.080865
4.083745, 3.021274
4.826908, 3.485628
4.403522, 2.663810
5.901250, 5.393989
5.901250, 3.466414
5.892856, 4.100941
6.502461, 3.564568
6.504309, 3.471087
6.504309, 5.244657
7.799448, 6.688346
7.799448, 7.354506
8.972016, 5.941909
8.326618, 7.446195
10.748886, 8.818128
10.930939, 10.217377
10.804198, 11.144459
11.959188, 10.442532
11.931153, 12.763798
11.931153, 12.598689
13.896201, 12.779511
13.896201, 12.643465
14.960182, 13.697151
14.970668, 12.810414
14.324012, 13.613846
14.324012, 13.352792
13.717473, 13.891248
16.743385, 14.746086
16.731514, 17.101887
16.165812, 16.025534
17.464598, 16.640629
17.464598, 16.457561
16.085968, 17.683977
16.129551, 16.222382
15.468046, 16.934414
15.468046, 16.017822
16.651897, 14.607954
15.624225, 16.947136
18.667633, 17.140833
18.667633, 17.725134
17.846170, 17.435661
16.635138, 17.813911
17.908157, 17.134897
16.652105, 17.623823
17.833982, 17.809378
17.833982, 18.731918
16.860207, 18.690956
17.808903, 18.907097
17.808903, 18.458958
19.004963, 19.073689
18.348770, 18.943096
18.348770, 19.040907
17.868509, 18.916656
19.100454, 18.851603
17.777882, 18.728409
19.515715, 18.631168
18.917103, 18.278990
18.944181, 18.256601
20.089996, 17.824245
18.892117, 17.804527
19.139156, 17.956684
18.259438, 17.492102
18.940329, 17.688599
17.673393, 17.064091
19.098547, 16.566433
17.616674, 15.930409
17.728479, 15.085652
18.285084, 14.689824
17.648119, 14.295362
16.458359, 13.681840
18.270638, 14.247481
17.036762, 14.092893
16.394026, 14.320140
17.010746, 14.283197
16.674055, 14.172699
14.890854, 13.404321
14.797248, 13.075935
14.097446, 12.895866
14.097446, 13.125521
15.226044, 13.299879
14.314805, 12.594165
13.591062, 12.202474
12.896891, 11.326919
11.680297, 10.962346
11.131810, 10.032887
9.907168, 9.522605
8.718307, 8.468291
8.343244, 7.334575
7.521387, 6.640668
5.647267, 5.346516
5.225559, 3.443282
4.415237, 1.171784
0.991591, 0.115655
0.197925, -0.598942
-2.379380, -2.093614
-2.865432, -2.623039
-3.085030, -6.397487
-7.103182, -6.886802
-7.716768, -8.571772
-8.577282, -9.608898
-10.417596, -10.208396
-10.380923, -12.331874
-13.713537, -12.556342
-13.856264, -13.030937
-13.663578, -12.607219
-13.663578, -14.174454
-13.865291, -13.306803
-13.864480, -14.544093
-13.952326, -14.688256
-14.834315, -14.051402
-15.100533, -12.967526
-14.899959, -12.984584
-11.210217, -8.574516
-8.547246, -7.535231
-7.705453, -6.525846
-5.175295, -3.707059
-3.449805, -1.783000
-2.453071, 2.416477
2.926785, 4.167589
5.841320, 5.677764
6.442082, 6.385937
10.440616, 11.921339
12.533044, 10.948146
16.480598, 12.264010
17.337914, 15.873606
17.337914, 16.299767
21.281176, 16.753534
22.005737, 19.891508
21.722441, 19.599234
22.387411, 19.645185
21.413528, 19.420528
21.365093, 19.626623
21.326366, 19.245358
20.728430, 18.573189
19.691526, 18.352959
18.969982, 17.793291
18.969982, 17.913404
18.044952, 17.504410
16.548292, 17.583828
17.248175, 17.242960
15.985151, 16.805593
17.367228, 16.396051
16.594652, 15.416527
16.116091, 16.239895
14.749864, 15.681393
15.945799, 15.311445
14.973269, 15.013712
13.735710, 14.730029
14.713820, 15.398989
13.702501, 14.647321
12.333804, 13.758383
14.774189, 13.201535
12.960922, 13.086089
11.896873, 13.899220
13.709070, 12.652371
12.015992, 12.759670
11.830829, 11.699129
13.061747, 12.042418
11.761699, 11.499581
10.735682, 10.773450
11.753170, 11.226098
11.801335, 10.699929
9.961840, 12.061081
9.378085, 11.491071
11.275754, 11.635942
10.567355, 11.201144
10.567355, 11.392641
10.567355, 10.246462
9.963408, 10.310608
9.521726, 10.463629
10.689412, 10.465326
9.374497, 10.588923
11.853130, 9.015820
11.855323, 10.089986
11.770164, 9.588085
11.895470, 11.025696
11.436821, 10.663217
12.946692, 11.228175
12.513691, 12.187060
11.788214, 12.353917
14.209036, 12.367907
13.740390, 12.321445
15.375695, 13.309335
15.584291, 13.713262
15.061087, 15.718614
16.806971, 15.168077
15.958947, 16.381382
15.975245, 16.167212
17.177999, 17.546682
17.417709, 17.440216
18.415283, 17.609650
18.664478, 17.479832
18.482422, 17.759411
18.037239, 17.890417
17.209034, 17.613714
16.598269, 17.521540
17.798143, 17.186148
16.599026, 16.974043
16.007328, 16.667137
16.898333, 16.048843
16.020090, 15.274548
14.217830, 14.331794
15.419336, 14.445510
14.269296, 13.736436
14.342419, 13.548410
14.568992, 13.176405
13.674976, 11.416429
11.865053, 10.524487
10.223855, 10.166736
9.483952, 9.039824
9.489442, 7.949647
9.489442, 7.153987
7.067259, 6.929631
7.067259, 6.142942
5.145471, 5.502163
5.145471, 4.328654
4.060687, 3.414612
2.227153, 2.641450
3.525645, 2.432664
2.028189, 2.520410
2.511884, 2.442322
2.068272, 1.647561
1.207091, 1.329657
3.258759, 1.711635
2.708374, 3.282322
3.844570, 2.030762
3.618419, 2.513860
4.286392, 2.575162
4.313670, 5.225253
5.915420, 3.815810
6.572690, 5.211181
6.588069, 6.657091
8.694026, 6.645455
8.694026, 7.213172
9.610793, 9.551899
10.678659, 11.275086
10.709085, 13.689847
13.443318, 13.571145
14.232070, 16.702816
17.010653, 16.597355
16.212337, 14.733418
15.409415, 15.234499
15.215906, 16.059069
17.080015, 13.967993
15.845315, 14.936099
17.069839, 16.149115
15.976712, 15.849434
16.702467, 16.045227
14.528302, 14.661050
15.312396, 13.721444
14.492908, 13.595310
14.785478, 12.753802
13.273819, 12.313876
12.229629, 11.971593
11.455851, 11.579730
10.841399, 10.069257
10.291082, 10.614978
9.613669, 9.762859
10.260976, 9.452044
8.392515, 8.085274
7.169562, 9.734142
7.152222, 7.916331
5.926126, 6.501617
5.915755, 5.481019
4.745946, 4.632812
4.489823, 3.107390
3.877574, 3.444580
3.155073, 2.832805
3.266431, 3.227253
2.647180, 2.500129
3.685672, 2.626347
3.049963, 2.641706
2.872193, 3.145526
3.862130, 2.330607
3.475769, 2.862930
3.250550, 2.804216
4.453166, 2.379261
4.248624, 3.994954
5.260201, 3.535169
5.269637, 4.169223
7.359310, 4.290792
5.890551, 6.291539
5.880036, 7.375291
8.285362, 6.696356
10.104100, 10.804330
10.114781, 10.593963
10.101285, 9.063055
13.243907, 9.443581
13.249813, 12.328464
13.249813, 12.133510
11.890972, 13.331052
13.100223, 13.541280
13.083907, 13.355740
14.291652, 13.173167
14.536670, 14.314456
17.902031, 13.948731
16.695169, 17.624216
16.072414, 16.290712
16.663965, 16.673998
16.061653, 16.373079
15.623057, 17.190676
16.033138, 18.314207
16.033138, 16.358095
16.023365, 16.036160
16.661919, 16.096275
16.027096, 16.623537
14.825062, 17.701214
17.831549, 17.786654
17.831549, 15.891177
19.194355, 18.090364
19.194355, 17.368067
19.022154, 18.176504
19.822760, 18.687035
19.817476, 19.191515
18.512531, 19.251104
18.392368, 18.702978
18.392368, 19.169762
18.050648, 18.781166
18.980066, 18.601997
19.704691, 19.205208
19.704691, 19.164042
19.123028, 18.751844
18.486441, 18.683649
17.766260, 18.632191
18.526016, 18.569616
19.151417, 18.034151
19.151417, 17.607679
17.277811, 17.699936
17.277811, 17.558411
16.715586, 17.476130
17.107378, 17.050131
17.671600, 16.484869
17.671600, 15.920644
16.708042, 15.383691
15.928066, 14.827491
15.867638, 14.065556
15.867638, 13.826230
15.265079, 13.605893
14.738765, 14.244648
13.604643, 13.009516
13.604643, 13.732875
12.241183, 13.631684
14.066887, 14.007951
14.299282, 13.251438
14.299282, 13.102375
13.520487, 12.998487
13.520487, 13.356008
14.382097, 13.742585
14.382097, 13.003008
12.977247, 12.480091
13.523276, 11.944792
12.276011, 11.348548
11.774002, 10.440695
9.291021, 9.743874
9.291021, 8.934915
8.099452, 7.744896
8.099452, 6.975225
6.330093, 5.814252
4.747570, 4.497845
2.578312, 3.289733
1.579899, 1.600344
0.789949, 0.882499
-1.980846, -1.268526
-2.577698, -1.280177
-3.391692, -4.562940
-7.040980, -5.162280
-7.040980, -6.919234
-10.044180, -7.309769
-10.044180, -10.126383
-9.954861, -9.784212
-10.586112, -11.374813
-12.329707, -11.844139
-12.329707, -12.089091
-13.029402, -12.231590
-12.327480, -12.621573
-11.689628, -13.343993
-11.689628, -13.047352
-11.650424, -13.384994
-11.650424, -10.911942
-9.259382, -9.576213
-9.259382, -7.753310
-4.415438, -6.603691
-4.415438, -5.031003
-3.753122, -2.309575
-2.210591, 0.345627
-1.153383, 1.619522
2.915734, 3.849684
9.166389, 4.951575
9.166389, 6.280813
10.426405, 6.687819
10.426405, 9.037917
13.088466, 12.578348
13.705591, 14.496246
15.243597, 17.633894
13.513049, 19.637064
17.961218, 18.512943
17.961218, 18.644424
17.974411, 18.817888
19.553413, 19.182169
18.627239, 18.442242
18.627239, 18.320396
17.177856, 18.455626
17.177856, 17.814314
17.911951, 18.598492
16.843983, 17.989439
18.387590, 17.737347
18.387590, 17.591328
18.414289, 17.624649
17.807165, 17.049608
17.370672, 16.967739
17.370672, 16.586699
17.757137, 16.024481
16.753626, 16.090492
15.961473, 15.359783
17.116724, 15.413893
17.116724, 14.997680
15.949463, 14.530795
15.440631, 15.225064
15.350505, 14.532116
15.350505, 13.977990
14.477477, 14.386481
15.377367, 14.376478
14.882146, 13.273010
14.767653, 12.327140
14.168963, 12.246889
12.535664, 10.953295
11.798313, 11.724142
13.705027, 11.745624
13.705027, 10.857594
12.983880, 12.192901
13.094665, 12.633399
13.094665, 11.866661
11.785621, 11.316440
11.416022, 10.319771
9.383398, 10.619678
9.383398, 10.139698
10.833015, 9.293040
10.833015, 9.316688
10.600268, 9.799378
10.600268, 8.717005
9.486077, 8.720458
9.486077, 9.638955
10.690144, 9.330808
12.614550, 10.344764
12.614550, 11.536056
11.793627, 11.737199
13.636682, 11.751872
13.636682, 11.899559
12.996841, 12.557782
14.803626, 12.427672
14.317405, 12.909863
14.317405, 13.574212
15.392108, 15.624434
15.540429, 14.660657
14.805657, 16.188564
14.805657, 16.974100
16.006447, 17.418682
17.860600, 16.964985
16.641020, 17.307880
16.039537, 17.665739
17.242504, 17.491610
17.242504, 17.401184
17.210533, 17.456001
17.210533, 17.449783
15.994567, 16.897612
15.994567, 16.617105
16.007277, 16.605875
16.007277, 15.735514
15.447557, 15.258623
15.447557, 13.962127
14.879995, 14.131835
14.879995, 14.072182
14.915504, 14.174689
14.915504, 12.724692
13.787777, 11.699512
12.578339, 10.904815
10.075297, 10.084455
10.075297, 9.082240
9.480133, 8.414443
9.480133, 7.136269
7.881463, 6.385022
7.881463, 6.138583
5.054246, 4.551072
5.054246, 3.417684
2.633229, 2.946780
2.633229, 2.397057
2.451857, 2.798688
2.451857, 1.817858
2.026591, 1.811087
2.026591, 1.733227
2.119395, 1.525553
1.126914, 1.614263
2.704594, 2.932285
2.719158, 3.166430
3.949112, 1.090450
3.949112, 3.134880
5.660873, 5.421698
5.201103, 3.077562
4.734077, 6.233145
4.734077, 5.190348
8.645616, 6.068809
8.645616, 8.341926
8.648467, 8.953196
9.226634, 10.385567
11.670107, 14.535096
11.670107, 15.122897
13.960969, 15.997460
13.960969, 14.572502
14.600677, 14.648746
16.513699, 15.114246
16.513699, 15.459363
16.461338, 15.761609
17.211386, 15.920334
17.211386, 16.081808
16.730780, 15.554456
16.730780, 15.862935
16.652311, 14.706852
16.016859, 14.134883
15.453166, 12.642776
16.011875, 12.484363
12.650093, 12.296358
12.650093, 11.802381
12.037992, 11.159355
11.485389, 10.051828
10.274126, 10.208211
10.274126, 10.098740
9.038813, 9.095278
9.038813, 7.919683
7.176916, 8.767249
7.176916, 6.446914
4.929617, 6.510078
4.379444, 5.061097
4.188712, 4.419945
3.761066, 3.238057
2.451309, 2.209276
2.710741, 2.627984
2.086325, 2.512068
2.086325, 2.369131
1.834342, 2.205637
1.288478, 3.324468
3.607280, 2.278325
3.156370, 2.205301
4.533093, 2.901198
4.533093, 2.574418
6.184078, 3.595317
5.153727, 2.711816
6.653929, 5.534738
6.707530, 3.486055
7.357948, 6.675006
8.905393, 8.599872
9.112735, 7.560493
9.112735, 8.002670
10.758555, 11.275097
10.727125, 11.282162
13.926216, 11.040137
11.922288, 12.985449
13.925169, 11.982361
13.925169, 12.485546
13.836360, 13.680964
14.584864, 12.647737
14.469558, 13.458942
14.400683, 13.719787
14.400683, 14.116088
14.400683, 16.600758
16.838842, 16.273087
16.759092, 17.251745
16.678295, 15.763887
16.678295, 16.179195
16.651943, 16.896332
17.471716, 16.613676
16.038458, 16.207458
16.639898, 17.106958
16.639898, 15.170850
16.038458, 16.809080
19.710981, 17.764168
17.809523, 18.107016
18.027302, 17.726999
18.023241, 16.734507
18.037327, 17.966259
18.037327, 18.556812
19.862001, 18.956654
20.207100, 19.235487
20.207100, 19.080467
18.495302, 19.026630
19.610281, 18.789080
19.610281, 19.260378
19.252310, 18.813839
18.396330, 19.109068
19.662651, 18.922829
18.598299, 18.569319
19.525360, 18.716621
18.534670, 18.683525
17.118601, 18.266422
18.312920, 18.057365
17.703148, 17.767363
17.106413, 17.432444
18.299883, 17.443096
16.588318, 17.337610
15.836642, 16.973785
15.501924, 15.761974
15.791382, 15.766603
14.607029, 15.122721
15.897637, 14.739207
15.897637, 13.899868
15.445890, 13.852837
15.888042, 13.538872
15.559065, 14.272062
14.077229, 13.059825
13.611110, 13.950881
14.801028, 14.002050
14.277144, 14.424666
13.778466, 13.269665
14.687282, 13.173978
14.054404, 13.248623
14.792484, 13.743413
14.095802, 13.793777
12.868374, 13.060743
13.507888, 12.398479
12.970634, 12.025664
12.243235, 11.500480
11.058406, 10.270334
9.884896, 9.845217
9.325035, 8.836993
9.334332, 7.991921
7.121952, 6.745096
5.745120, 5.699286
3.764044, 4.008577
2.965939, 2.844439
1.778280, 1.079622
-1.853570, 0.413946
-2.378277, -1.776360
-2.782978, -3.542156
-6.405266, -4.877287
-7.065504, -6.720490
-9.052676, -7.385003
-9.885208, -8.878710
-10.571608, -9.660028
-13.702556, -11.365208
-13.765296, -11.584604
-13.010006, -13.638763
-13.010006, -12.708021
-13.008427, -13.559736
-13.230200, -13.478428
-13.158381, -14.396244
-13.550270, -12.589908
-11.644485, -12.745314
-10.333373, -9.569787
-9.564692, -8.029071
-7.501510, -6.930819
-6.634625, -5.416418
-3.213173, -2.851038
-1.340392, -1.353556
2.773137, 1.043370
5.380671, 4.186537
6.911562, 5.214049
9.303308, 7.034706
9.758087, 9.899519
12.715169, 9.737049
14.398254, 13.086451
15.727324, 16.080986
14.309285, 16.248688
14.781624, 17.745075
16.578671, 19.583096
17.464090, 18.538090
18.640709, 18.496347
17.298233, 18.348730
16.545849, 18.209782
16.545849, 18.471632
16.541302, 18.669228
16.541302, 17.759352
18.377684, 17.082777
19.753792, 18.633928
19.887644, 17.575159
19.063515, 17.695810
18.368004, 17.682058
15.933689, 17.266905
17.749916, 17.089378
16.500305, 16.938166
16.778946, 16.286449
16.534525, 16.025387
15.330355, 15.755659
15.550187, 15.702097
15.935692, 15.221976
16.052505, 15.002631
14.174023, 14.901348
15.941675, 14.818650
13.550424, 14.103384
13.735593, 13.607993
13.735593, 13.578036
12.978877, 13.791754
12.379852, 13.115537
11.883463, 11.559201
11.883463, 11.918222
12.589825, 11.575249
13.593133, 11.300070
13.594766, 11.114966
12.396638, 11.359347
13.172065, 11.067080
13.172065, 12.012799
12.408001, 11.889209
11.858580, 10.942716
11.867948, 10.673332
10.012891, 10.669480
11.970810, 10.374910
11.402612, 9.970409
10.039750, 9.631280
11.841019, 9.703452
11.845429, 9.150140
10.009007, 9.195862
11.210087, 10.139756
10.839199, 9.990217
9.416217, 10.312420
9.395343, 11.412881
11.194451, 11.431906
13.092435, 11.916225
12.382555, 12.644240
12.052068, 12.681155
13.000321, 12.615961
12.406116, 13.421918
12.408288, 13.549623
14.864384, 15.073417
14.956385, 13.847068
16.011854, 15.790066
15.411408, 16.156380
15.448085, 16.577433
16.611204, 16.396713
16.858088, 17.089495
15.430186, 17.103840
17.281620, 17.070484
16.025003, 17.153494
15.424067, 17.130268
15.423894, 17.020964
16.024824, 16.647739
16.002523, 16.482279
17.202713, 15.742765
16.349379, 15.163157
16.170774, 14.337233
16.376127, 13.995358
15.479696, 13.933478
15.767051, 14.404918
14.898243, 13.527925
14.374308, 11.888598
13.695000, 11.793918
11.278234, 10.768648
11.305791, 9.737782
11.361435, 8.982073
9.501126, 7.491468
9.499283, 7.244114
7.308657, 5.738699
6.471170, 5.923090
5.502447, 4.733818
4.334177, 3.386588
4.351334, 3.492768
2.655385, 4.232567
2.856216, 2.324315
3.265421, 1.697089
1.923625, 1.895579
1.428563, 2.071053
1.522183, 1.255153
3.077744, 2.350357
2.242170, 2.618334
2.038336, 2.578778
3.460592, 1.525599
3.137927, 3.114497
4.984406, 5.115789
5.066682, 3.075171
5.930112, 5.433733
5.930112, 5.887463
7.790279, 6.205056
8.473506, 8.136320
11.696840, 9.074690
12.307592, 13.491454
14.819974, 13.852027
14.973756, 14.660933
14.850760, 15.124460
14.281805, 14.420611
14.857761, 15.725452
16.028681, 16.146597
15.811248, 15.607327
15.195225, 16.027845
15.207471, 15.859175
14.113744, 15.696630
13.966605, 14.976439
13.918585, 14.381942
14.726904, 13.780869
14.672107, 13.221076
14.063501, 12.892098
13.268922, 12.053410
13.515681, 12.147613
12.188666, 11.599454
12.206922, 10.410177
11.475019, 10.366041
10.860286, 10.386771
10.259187, 9.471128
10.259187, 9.557916
9.035700, 8.398518
8.656942, 9.823915
7.175430, 8.221792
7.155796, 7.415484
5.929088, 6.092268
5.929088, 6.481567
5.365066, 5.968201
4.905385, 3.967582
4.119181, 4.459460
4.956374, 2.802181
3.878285, 2.256631
2.502304, 2.995868
3.265882, 2.813982
2.474944, 2.118243
1.830829, 2.613428
3.311736, 1.880735
2.641050, 2.904331
3.646649, 2.039137
3.646649, 2.928617
4.949062, 4.968702
4.526786, 5.906750
6.731247, 6.621165
6.540860, 6.489058
5.863768, 5.974217
7.683558, 9.262521
9.346337, 7.125159
11.227383, 8.735787
10.095518, 8.270359
10.095518, 10.606441
11.947261, 12.226380
11.992172, 12.946261
11.239861, 12.168915
13.046267, 13.180726
12.444132, 13.189533
16.056944, 15.744456
16.070116, 14.541517
15.467487, 16.793360
16.654802, 16.329155
16.640306, 17.491327
16.175425, 16.403770
17.229622, 17.046041
16.628590, 16.522038
16.921150, 18.489643
16.874102, 16.390945
16.627584, 18.001923
20.252186, 17.007040
19.642693, 18.097202
19.040873, 17.969414
18.438435, 17.440403
19.640942, 17.518240
19.171495, 17.811428
20.224361, 18.418585
19.014374, 18.955879
18.413919, 19.161900
20.215282, 18.468157
19.899181, 19.127832
18.583582, 18.766191
18.457184, 18.924889
17.753304, 19.052334
20.164085, 19.200558
19.772789, 18.892750
18.305351, 18.872227
18.400236, 18.608789
19.473726, 18.392141
17.056854, 18.325413
18.246868, 17.977224
17.714634, 17.901922
16.520388, 17.408739
17.074585, 17.256268
16.462633, 17.459564
16.087906, 16.465239
15.358773, 15.889485
16.120968, 15.517943
15.372442, 15.105031
16.468773, 14.290753
15.955137, 14.120769
14.075751, 13.395849
15.265251, 14.519257
14.928470, 13.428957
14.928470, 13.357148
14.945865, 13.974370
15.358434, 14.055192
14.094177, 13.569776
15.504830, 12.961803
15.504830, 13.437955
13.514670, 13.130315
12.286025, 14.152883
13.575802, 13.309542
13.575802, 12.474569
12.280426, 12.189830
12.355385, 11.645439
11.195464, 10.526616
10.636189, 9.904698
8.715232, 9.105700
8.715232, 7.857546
7.605855, 6.827453
6.518811, 5.815781
5.746544, 4.598652
3.609546, 3.547166
1.782455, 1.941709
0.817603, 0.493295
-1.788893, -0.798365
-3.066760, -1.949494
-3.179899, -3.878719
-5.758449, -4.806736
-7.722057, -7.571344
-7.073069, -6.863517
-10.018787, -9.041634
-9.725469, -10.105398
-10.496415, -11.273486
-13.742674, -11.761341
-13.666014, -12.109339
-13.666014, -11.835339
-13.879038, -12.066343
-12.302876, -13.052035
-12.601582, -13.493621
-11.255053, -12.142100
-10.870914, -11.481251
-10.870914, -8.445815
-10.870914, -8.112991
-8.853230, -6.530282
-6.626207, -3.242344
-3.445269, -2.180758
-0.583356, -0.317056
0.663467, 3.233877
4.203404, 5.186172
4.643390, 5.386367
9.100212, 9.231688
10.630845, 10.922875
12.429559, 11.423871
15.078396, 15.402961
15.323820, 15.729824
15.323820, 16.670149
19.701099, 19.305502
18.594772, 19.320948
18.981380, 19.054823
18.928562, 19.374762
17.124216, 19.091656
17.124216, 19.009024
18.488245, 17.952766
18.013494, 18.531473
17.176291, 17.918232
17.368610, 17.525000
16.698719, 17.558851
16.698719, 17.625202
17.142918, 17.764664
17.142918, 17.105108
15.946900, 17.028090
17.138075, 16.343609
15.936674, 16.827730
15.936674, 15.710340
16.535320, 15.773893
16.169256, 15.707063
14.969767, 15.275506
14.165265, 14.853663
15.382273, 14.522934
14.753842, 14.600370
15.364109, 14.621695
14.765507, 14.260262
14.165987, 14.032230
13.567425, 13.450418
12.967960, 13.650441
12.967960, 13.256935
14.955548, 12.216938
13.600143, 12.049743
12.347105, 11.385723
11.436742, 11.294803
12.987363, 11.799846
11.911848, 10.985695
11.175180, 11.272342
13.615899, 12.038176
12.055641, 12.087298
11.454146, 11.210709
10.593763, 10.696339
10.230497, 10.299914
11.199685, 10.637284
10.858135, 9.670441
10.000780, 9.948215
11.200938, 9.547400
10.626719, 9.162513
10.626719, 9.866623
11.791841, 9.889204
11.192255, 10.034180
10.608170, 11.011955
13.082956, 11.818848
12.057771, 11.779496
11.213675, 12.286790
13.032600, 12.474402
12.393397, 13.286058
14.239041, 14.542207
13.586585, 13.295608
14.783693, 14.177420
14.783693, 13.816275
14.211328, 16.413506
14.211328, 15.675366
15.412286, 16.470903
15.398584, 16.596670
16.749611, 16.537230
16.648848, 17.182970
15.630134, 17.332958
16.787018, 17.178988
16.245083, 17.098225
16.089773, 17.256126
16.886274, 16.959759
16.909374, 16.541958
14.812185, 16.469151
16.013174, 15.646758
15.630756, 15.119476
15.630756, 13.844854
15.505211, 13.935966
14.911128, 13.967672
16.278011, 14.349566
14.543012, 12.875327
14.543012, 11.397296
11.888881, 11.343952
11.260908, 10.799773
10.925978, 9.378819
10.664678, 8.236526
9.644745, 7.953918
9.644745, 6.842531
7.324423, 6.505034
6.470557, 6.650208
5.863242, 4.905848
5.347980, 3.476676
3.235046, 2.774875
3.069199, 2.690595
3.069199, 2.556488
3.136909, 1.653192
3.034125, 2.153942
3.034125, 2.468217
3.251939, 1.711656
3.251939, 2.230224
3.917995, 3.543090
3.917995, 1.644725
3.666668, 3.350270
5.684199, 4.723126
5.684199, 4.521099
4.487033, 3.357539
5.914726, 5.767890
5.923271, 4.856714
8.623919, 7.619416
8.623919, 8.361966
10.994253, 7.658255
10.694047, 11.303734
13.678616, 13.677574
13.678616, 11.997486
14.212932, 13.840393
13.410589, 13.814421
14.845894, 15.817974
14.611315, 15.515425
15.424020, 15.427040
15.424020, 15.842918
14.589835, 16.011616
15.973308, 15.898828
15.970458, 14.877238
13.317402, 13.987375
14.548797, 14.172047
14.548797, 13.008185
13.318557, 12.970937
12.705289, 11.884496
12.337046, 12.086556
12.337046, 10.941135
11.634364, 10.515225
11.634364, 10.139935
9.648183, 9.992703
9.648183, 9.680576
9.076158, 9.338561
9.076158, 8.072822
7.175151, 8.583831
7.175151, 8.706206
5.938903, 6.857244
5.938903, 4.100601
4.504182, 6.758270
4.504182, 4.387812
4.499512, 4.280752
4.499512, 2.600689
4.333896, 3.484011
3.475724, 2.725483
3.887573, 3.114587
3.118956, 2.165505
2.852556, 2.905702
3.707243, 2.404834
3.291919, 2.183709
3.291919, 3.898320
3.850662, 2.840424
5.160326, 3.295062
5.181250, 5.472714
5.181250, 5.921263
7.467521, 7.067721
7.467521, 5.375751
7.694454, 7.835734
9.182208, 7.135325
11.239367, 8.159833
11.239367, 8.069774
9.454344, 9.244254
11.876606, 11.451290
11.966247, 12.381407
11.957889, 12.187375
13.187545, 12.939383
13.187545, 12.248864
15.462700, 14.627198
15.501545, 13.693600
15.468140, 17.051361
15.468140, 15.304118
16.921988, 17.043844
16.921988, 17.556255
17.249916, 17.413403
17.249916, 16.589510
17.520405, 17.335098
17.520405, 15.846399
17.312159, 17.809046
17.312159, 16.633726
19.069826, 17.052551
19.069826, 18.044693
19.018360, 17.520750
19.018360, 17.073353
17.832327, 17.556789
17.832327, 17.968489
18.995010, 18.801483
18.550119, 19.211231
19.142511, 18.286919
18.363466, 18.628511
17.165848, 18.742943
17.165848, 19.360159
18.474051, 19.007862
17.359907, 19.102722
18.346827, 18.839314
18.346827, 18.770390
18.917200, 18.846027
18.522913, 18.154499
17.159786, 18.214935
17.159786, 18.104925
17.705097, 17.889568
15.914693, 17.466715
17.323229, 17.175875
15.890662, 17.280926
15.943285, 17.157763
17.313822, 16.380062
16.057928, 15.754958
14.663449, 14.986281
16.695602, 14.703614
16.144547, 14.050990
14.662023, 13.836788
15.850836, 14.432701
14.676392, 13.823563
14.676392, 13.843060
15.249232, 14.324754
14.673709, 13.992380
13.459147, 13.341496
14.646719, 13.468238
14.064543, 13.459183
14.051316, 13.295099
14.194864, 14.406837
12.863881, 13.416353
12.839288, 12.781927
12.987267, 12.555301
11.662690, 11.733145
11.327308, 10.892650
10.498475, 10.024508
10.498475, 8.950526
9.537943, 8.278494
7.625370, 7.243539
5.750358, 6.175478
4.038794, 5.370184
2.982671, 3.024343
2.982671, 2.671889
-1.043571, 1.295809
-1.588400, -0.410905
-2.237765, -2.285009
-5.742767, -3.498273
-6.405395, -5.087199
-7.044119, -7.265524
-9.968678, -7.723023
-10.332830, -8.970033
-10.468715, -8.941962
-13.661979, -11.688910
-13.000915, -11.349538
-13.661025, -12.293392
-13.202831, -12.565402
-12.983062, -11.700497
-11.662750, -12.884327
-11.687089, -13.938225
-12.523763, -12.264804
-12.034573, -10.505029
-8.470162, -8.411378
-7.669847, -6.936219
-5.069151, -6.097588
-2.204362, -2.795717
-1.358055, -2.069694
1.123186, 0.466687
5.044756, 3.975939
5.323528, 4.706661
7.719115, 5.925257
11.828638, 9.376755
11.743498, 9.971976
11.959844, 12.102879
14.381587, 14.776848
15.256076, 16.272367
17.661856, 18.103870
18.434647, 19.141171
17.966093, 18.781715
17.756296, 18.511492
16.559242, 18.264437
16.870237, 18.066372
17.943705, 18.050604
17.183157, 18.088974
16.676447, 17.228821
16.173204, 17.858982
16.754526, 17.726402
15.987240, 17.321974
17.249319, 17.107086
16.033871, 17.551554
14.774710, 17.282656
15.961401, 16.669109
15.529711, 15.650716
14.173290, 16.516792
16.101170, 16.043152
14.769818, 15.756639
14.171041, 15.514464
12.961541, 15.203336
14.364417, 14.538875
13.554086, 14.832970
14.762027, 14.772653
14.983567, 14.325470
12.973245, 14.598941
13.182467, 14.470584
13.864057, 13.444618
13.726369, 13.745313
12.444970, 12.356560
12.992613, 13.411764
12.392932, 12.276289
11.793274, 11.639023
12.036532, 11.649586
12.367815, 12.896173
13.563746, 13.008348
12.974616, 12.127918
12.546238, 12.750870
12.546238, 11.954323
12.591817, 12.730912
11.188624, 11.280123
11.188624, 11.348840
12.986796, 10.222191
11.305525, 11.138915
12.988098, 11.834699
11.189746, 9.779400
11.184487, 9.458932
11.184487, 10.883007
12.496332, 10.629855
13.598520, 11.473611
13.167613, 11.902593
12.682931, 11.488555
12.513851, 12.083699
12.538651, 12.966998
12.538651, 12.590072
14.204074, 13.616307
14.221215, 14.048123
14.318992, 13.374342
15.521818, 14.602826
14.974027, 14.935729
14.370999, 15.664475
17.093079, 16.768600
14.769678, 16.873413
15.968731, 16.497684
15.369903, 16.438543
15.435591, 17.091904
15.435591, 16.626822
15.690828, 16.819195
15.034691, 16.756979
15.592674, 16.207767
15.157448, 16.218481
14.262559, 15.589666
14.865203, 15.203366
14.343901, 14.386067
13.675571, 13.408134
14.590854, 13.508883
14.454705, 13.585553
13.111071, 13.497471
13.224977, 12.517498
11.903937, 11.342171
10.693367, 10.787187
10.321080, 10.349672
9.490368, 9.146605
8.894227, 8.267882
7.703457, 7.237612
7.703457, 7.009960
7.308642, 6.285411
5.889195, 5.705039
5.060540, 4.546969
4.263678, 4.076850
2.845785, 3.072862
2.671809, 2.786031
2.438287, 2.937288
3.454241, 2.861058
2.443827, 1.916637
3.462089, 1.805911
3.328358, 1.448522
2.720744, 4.263357
3.064514, 2.967108
3.069113, 2.188548
4.130117, 3.715899
4.130117, 5.810975
5.546019, 4.890382
5.364367, 4.380262
6.568640, 6.691732
8.071449, 6.586143
10.107373, 7.760769
10.146687, 9.298869
12.083080, 12.057337
12.892819, 13.565875
12.993457, 14.853828
15.693852, 15.893943
15.503452, 14.499579
14.788519, 15.253954
15.955134, 15.211383
16.027082, 15.288229
15.294095, 15.783003
15.838861, 15.952869
14.604662, 15.993159
15.465971, 15.843911
15.261052, 14.242927
14.089649, 13.880723
14.089649, 14.195457
13.534078, 12.811601
13.278215, 12.402252
11.476520, 12.177078
12.091332, 11.731165
10.881325, 10.924251
10.317817, 9.638800
9.701188, 10.690845
9.714761, 8.659729
8.638332, 9.221340
8.638332, 8.097712
7.182217, 8.579184
7.182217, 6.662922
5.950980, 7.929526
5.559670, 6.923816
5.568933, 5.000061
4.950415, 4.468390
4.106159, 4.989694
4.500487, 2.770430
2.520556, 2.886557
3.335674, 2.586643
2.035748, 2.985840
1.829877, 3.202199
3.659754, 2.467197
3.311789, 2.022261
3.947505, 3.084117
4.296236, 2.426527
4.119015, 2.869891
5.408160, 2.536807
5.884734, 4.593048
6.538593, 5.541692
6.538593, 6.212399
8.523297, 6.798901
9.275612, 8.987664
7.701833, 8.421729
10.315542, 11.121076
10.325028, 9.070558
12.061747, 10.853486
12.149957, 12.093768
11.301221, 12.907744
13.117489, 12.228925
12.509576, 13.291301
14.329698, 12.940822
13.679992, 13.256915
13.768364, 13.448059
17.315784, 14.682973
17.299770, 15.721191
15.462309, 17.725721
16.732410, 14.586559
16.068766, 17.872877
17.332996, 16.718861
16.661629, 17.222588
16.806772, 16.409050
16.016165, 16.519098
16.792225, 16.313936
16.658083, 17.726789
20.267843, 17.262897
18.415991, 18.067112
17.965504, 17.344063
17.969612, 17.352430
18.439707, 17.750063
18.552288, 17.811714
19.020283, 18.587399
19.156700, 18.948013
18.543077, 19.241035
19.010473, 19.127958
19.227926, 19.020512
19.590515, 19.133108
18.974455, 18.960258
17.776068, 19.056980
17.150656, 18.996393
19.736782, 18.863834
19.108398, 18.686934
18.923391, 18.870844
18.906572, 18.331497
17.733240, 18.327562
17.121166, 18.016403
18.503691, 17.852943
16.493145, 17.726416
18.300419, 17.612556
16.463333, 17.082172
15.850746, 16.662085
17.111315, 15.875699
16.119829, 15.741362
14.659543, 14.684982
16.669792, 14.425693
15.258574, 13.855015
14.100961, 13.970527
15.888407, 13.976296
15.407665, 14.306840
14.070884, 14.280448
15.362738, 14.651669
14.818736, 13.713273
13.441942, 13.623237
14.627995, 12.962963
14.223782, 13.187545
12.843070, 13.158038
14.151063, 14.278427
13.508737, 12.773047
13.508737, 12.591660
13.508737, 12.287556
12.862222, 11.459596
11.371722, 10.552732
11.085012, 9.847394
10.491172, 9.080128
9.306643, 7.968046
7.524520, 6.814816
7.036507, 5.592704
4.954785, 3.909229
2.774680, 2.522440
1.782570, 0.861410
1.782570, -1.049695
-2.063909, -2.124864
-2.063909, -3.976494
-2.591303, -6.083200
-6.954211, -7.103824
-7.534538, -7.891553
-8.129370, -9.019349
-11.023088, -10.626414
-11.790777, -10.544964
-12.625326, -13.207976
-15.014704, -13.135143
-16.359318, -13.731470
-14.973303, -14.432867
-15.654153, -14.262910
-14.310972, -15.422896
-12.989959, -16.688908
-14.771020, -13.449073
-14.977450, -14.183181
-13.494759, -11.414430
-10.807119, -9.550398
-9.318490, -6.999583
-5.834549, -5.347405
-5.041869, -3.281776
-2.203389, -1.107049
1.326434, 2.746121
2.431795, 4.613581
4.888773, 6.215250
8.444244, 9.039246
10.461073, 11.454035
12.415372, 11.162943
15.072771, 15.237501
15.072771, 15.646616
16.570839, 16.637241
17.763567, 19.536530
18.374769, 19.459835
18.374769, 18.326593
20.169161, 19.383350
19.175882, 19.116901
19.097273, 19.276543
19.104492, 18.429121
19.016960, 18.696165
19.016960, 17.753410
18.981236, 17.539841
18.360462, 18.102974
17.163040, 17.813944
18.964525, 17.546743
17.171230, 17.621101
16.848150, 17.387524
18.384272, 16.532803
17.440119, 16.778801
16.697515, 15.854619
17.316929, 15.905106
15.528196, 15.389663
15.528196, 15.404982
16.774881, 14.677950
15.353292, 14.807726
14.743194, 14.914494
16.046051, 14.287914
13.573117, 13.801163
13.573117, 13.317288
14.770745, 13.995421
14.223154, 12.720464
13.690922, 12.167843
14.271067, 11.628405
12.386435, 11.393652
11.174464, 10.268238
11.174464, 10.484468
11.987217, 10.778265
10.586997, 11.117708
9.977710, 11.182791
11.176923, 10.884252
10.578160, 10.652819
9.973521, 10.216888
9.519459, 9.921699
8.170149, 9.480743
9.382814, 9.235126
8.813379, 9.563165
8.996779, 9.005792
10.752469, 8.756698
9.409625, 8.486281
11.203798, 9.162896
11.236662, 9.586302
10.836554, 10.699266
13.174846, 11.025672
12.381296, 11.070050
11.782202, 11.819836
13.586474, 11.695008
13.586474, 12.151627
16.207064, 13.107400
16.106131, 13.025403
15.552388, 14.118603
17.359819, 15.531383
16.612886, 16.335548
16.891125, 15.974168
18.510624, 17.350000
18.489584, 17.477190
17.852297, 17.515505
19.852228, 17.536465
17.840504, 17.906492
17.853310, 17.752672
17.970558, 17.723591
17.970558, 17.390629
18.409077, 17.168661
17.214819, 16.898228
16.614302, 16.551626
16.649401, 15.819009
16.339418, 14.936554
15.107615, 13.873662
15.742661, 14.175838
14.414745, 13.500642
13.067720, 13.618369
14.286426, 12.749873
13.045098, 10.893744
10.882821, 9.503974
10.048899, 9.281833
8.991419, 8.430479
8.301429, 7.055692
7.736380, 6.608086
7.098454, 6.598042
5.881576, 4.978516
4.053414, 3.712420
3.040061, 3.029095
2.717742, 2.765496
2.233499, 2.482250
0.868452, 1.978317
0.203144, 1.461321
-0.485461, 1.594145
0.405847, 1.441685
0.000000, 1.060545
1.015721, 0.888977
2.079111, 1.418202
2.079111, 2.156744
1.355277, 1.346816
4.363956, 1.586229
4.068756, 3.662246
6.468102, 4.397284
6.606797, 4.442810
6.480114, 6.238790
8.908614, 8.248674
8.638837, 8.262806
10.230202, 10.183208
10.850706, 11.255032
13.307469, 14.670494
17.575844, 16.094009
17.575844, 15.492700
16.706415, 16.427097
16.427231, 15.211678
17.200356, 15.900593
16.703903, 15.704965
18.469143, 15.257545
17.364683, 15.768470
18.379168, 16.312199
16.710617, 16.018553
17.292908, 15.470654
17.102535, 14.993804
14.541327, 13.581544
14.541327, 12.970356
14.031873, 12.581963
12.658192, 12.182907
12.230701, 12.145013
11.443504, 10.988215
8.981876, 9.822171
8.545749, 8.902668
8.545749, 8.062052
7.152588, 9.227884
5.944622, 7.355514
4.736588, 6.180058
3.679143, 6.393994
3.975178, 5.063861
3.975178, 4.193437
2.873485, 3.282684
1.637317, 2.981934
2.248534, 2.521178
3.058303, 2.517077
3.058303, 3.045868
2.946700, 2.406790
2.946700, 2.806010
3.557585, 3.577832
3.557585, 3.195876
5.322917, 3.096378
4.860011, 4.099418
5.874995, 3.279022
5.874995, 6.420571
7.842521, 4.100530
7.797921, 7.056046
9.074671, 6.989258
10.071204, 7.433278
12.596202, 8.874412
12.596202, 8.183037
12.588531, 12.211461
12.588531, 12.381641
13.385575, 12.293153
13.385575, 12.349010
14.499245, 13.410334
14.499245, 13.187652
14.315576, 13.461327
14.315576, 13.202888
14.498691, 13.242790
14.498691, 13.352563
13.095695, 14.728651
13.095695, 13.644517
15.512236, 16.345398
15.512236, 14.650496
16.129232, 17.407993
16.129232, 16.072821
14.875913, 16.021311
14.924650, 15.425186
14.853745, 17.569273
14.853745, 15.039914
15.663007, 16.293726
15.663007, 15.127715
14.486848, 17.359041
14.486848, 17.212605
17.223114, 17.166311
16.622309, 17.444496
18.718300, 17.693317
18.472128, 17.994076
19.006290, 17.996525
19.006290, 18.823887
20.249634, 18.996328
20.249634, 18.899530
19.127445, 19.092279
19.127445, 19.057037
20.175457, 18.477678
20.175457, 18.803589
18.353331, 19.308184
18.353331, 19.210663
19.533325, 19.033579
20.145760, 18.849821
18.948982, 18.650938
18.948982, 18.683336
19.559336, 18.187744
19.559336, 17.778179
17.800497, 17.767202
19.090672, 18.024166
17.688354, 17.655132
17.097368, 17.386244
17.693789, 16.556730
17.693789, 15.866272
15.863566, 15.489784
15.528566, 15.102077
16.505789, 14.007993
16.505789, 13.922161
17.071939, 13.756200
16.748283, 14.625253
14.965744, 13.427314
14.965744, 13.645238
14.106945, 13.506456
14.106945, 13.860831
14.695866, 13.046015
14.695866, 13.169961
12.890155, 13.383623
13.485085, 14.877419
13.115192, 13.217695
13.115192, 12.747659
11.086732, 12.274182
11.086732, 11.602582
9.887728, 10.837202
9.887728, 9.863869
9.622551, 9.303944
9.622551, 8.095268
8.133246, 7.149447
7.608047, 6.065636
6.577468, 5.250493
5.742338, 3.260404
3.578023, 2.707201
3.578023, 1.162895
1.665347, 0.098835
-1.641788, -1.649337
-2.457613, -2.598099
-3.298580, -5.011971
-6.994267, -6.175562
-6.994267, -9.462954
-10.383586, -9.736300
-10.383586, -11.062787
-14.974068, -12.962395
-14.974068, -12.712462
-15.934625, -13.664650
-15.934625, -13.831807
-15.778734, -15.255376
-15.778734, -14.693084
-16.659142, -16.771877
-16.502655, -13.757081
-16.428686, -14.666047
-16.428686, -11.967775
-11.976758, -11.510068
-11.976758, -7.700865
-4.763237, -5.580250
-2.382333, -3.142885
-1.058815, -1.963088
0.888072, 3.960103
5.344808, 5.464720
5.344808, 6.140546
8.533090, 9.166699
12.751971, 10.066395
14.420893, 11.325191
18.079454, 15.427094
17.060232, 16.388762
17.060232, 16.707556
20.827002, 17.993353
19.183203, 19.875793
19.768084, 19.248150
19.584934, 19.147850
18.943983, 18.874517
18.943983, 18.175438
19.140667, 18.479136
18.363861, 18.083040
17.193277, 17.285927
16.855587, 17.288445
16.579559, 18.101347
16.579559, 17.762600
16.254513, 17.376135
16.232346, 17.044678
14.987522, 16.705929
15.387784, 16.533567
14.747911, 16.235174
14.244633, 15.752063
15.439881, 15.741748
14.155524, 15.555310
13.759200, 15.080789
14.766355, 14.602519
14.384830, 13.616383
13.258592, 14.851769
12.387494, 14.483220
13.694593, 13.918941
13.694593, 13.452947
14.211318, 13.978247
12.971241, 13.458121
12.526410, 12.238631
13.770407, 11.715303
12.348786, 11.969867
11.751266, 11.785933
11.168337, 11.792261
13.024138, 11.588332
12.010546, 11.845932
13.823090, 11.229640
13.844337, 13.417817
13.844337, 12.082940
12.004513, 12.027636
11.187575, 11.600037
9.613055, 10.645363
10.588250, 10.832269
10.588250, 12.085575
9.389581, 9.841593
12.064361, 10.350767
11.328574, 9.653084
9.995872, 9.636788
12.042547, 11.052663
11.202376, 10.209299
13.002758, 11.468130
13.135375, 11.485518
11.792142, 11.403624
13.610306, 12.007111
13.610306, 12.730495
12.998509, 13.181146
12.998509, 13.033495
15.426086, 13.515651
14.783259, 14.835031
16.775606, 15.858453
16.775606, 15.167876
17.484781, 16.762852
17.290335, 16.900467
17.817015, 17.704645
17.817015, 16.997602
17.846048, 17.607344
16.642944, 17.691208
17.249502, 17.310251
17.249502, 17.249523
16.025736, 17.184872
16.025736, 16.726511
16.890146, 16.741350
15.685588, 16.262991
16.068649, 15.359698
16.068649, 14.435422
15.450621, 14.052590
14.964014, 13.582734
14.268830, 14.229455
14.537478, 13.408983
13.740367, 11.593395
13.740367, 10.837066
10.657537, 10.287930
10.657537, 8.891262
8.902074, 8.047000
7.983106, 7.584085
6.470476, 6.698027
6.661102, 6.008340
5.266188, 4.826513
4.810844, 3.338059
3.833274, 3.306357
2.029381, 2.586767
2.440310, 2.231052
1.626873, 2.229126
2.121387, 2.045312
1.018308, 1.418569
1.513710, 1.959869
1.513710, 1.107417
1.222089, 1.635897
2.715752, 2.849528
2.489554, 2.234386
4.184973, 1.462435
3.854299, 4.096386
5.173905, 4.112798
4.917693, 2.497104
7.256794, 4.866282
7.322718, 6.146316
10.223264, 6.054693
10.049646, 8.795427
10.036618, 11.066182
12.788135, 13.495320
13.528975, 14.532901
14.155784, 16.232313
13.978569, 15.670800
14.622901, 14.165632
15.506094, 15.155616
16.195044, 16.001083
15.890616, 14.193527
16.459311, 14.701794
17.141426, 16.029989
15.827780, 16.282761
15.827855, 15.664878
13.902801, 14.999441
14.516160, 14.242128
13.303415, 13.227467
14.165823, 12.910078
13.409568, 12.479515
12.841574, 11.936855
11.485257, 11.629869
11.626230, 10.228616
10.919418, 9.691352
8.412526, 9.635111
8.412526, 10.101251
7.806255, 8.980767
7.385468, 7.987970
5.952438, 8.886860
5.534573, 6.371722
5.329589, 5.611446
4.297295, 4.008244
4.543304, 5.335812
3.115337, 2.539343
3.335789, 3.168393
2.448509, 2.461367
2.448509, 2.804449
4.130124, 2.690677
3.450746, 2.480329
4.485634, 3.017832
4.144870, 2.599066
6.112770, 3.292355
5.350397, 2.554767
4.688659, 2.837176
5.901617, 4.308339
5.901617, 4.915517
8.199874, 4.146646
7.222844, 6.509685
7.119037, 9.050837
9.509035, 7.461609
9.820670, 9.418485
11.460851, 9.978330
11.476971, 10.680278
11.371678, 9.891220
12.560956, 12.485649
12.560956, 11.851025
13.743498, 13.365767
14.351599, 13.011730
13.109203, 13.326118
15.206547, 13.289839
14.502694, 13.471635
14.469361, 14.546827
16.694750, 15.599889
16.911467, 15.932730
17.273369, 16.969948
17.427082, 16.717321
16.165915, 16.642523
16.657993, 17.532228
16.809530, 17.101212
17.471741, 17.037392
17.288277, 16.394371
16.026701, 16.385389
16.133564, 16.686369
18.406162, 17.565809
17.805962, 17.244692
19.703794, 17.422817
17.795391, 16.935009
17.193951, 17.107155
18.993319, 18.593422
19.039297, 18.983027
17.809500, 18.744356
19.597755, 17.843882
18.363630, 18.966064
17.990356, 19.019623
18.374912, 18.442375
18.049273, 18.934563
17.349371, 18.871763
18.321999, 18.913006
17.707201, 18.690079
17.158684, 18.643526
18.554022, 18.437799
17.873470, 18.485279
19.100224, 17.757057
18.430866, 17.785065
16.477503, 17.393072
16.110035, 17.246054
17.209013, 17.164652
16.463558, 16.898228
14.651729, 16.114849
16.436737, 15.247228
14.935687, 15.071275
16.490664, 14.585488
16.103561, 14.090302
15.302055, 13.605723
17.090607, 14.644137
15.269017, 14.812495
14.799568, 13.812660
15.854828, 13.806735
15.280921, 14.230021
14.711228, 14.200550
16.030350, 13.499115
15.295115, 13.694905
14.691582, 13.532890
15.572639, 13.874409
14.159044, 13.722341
12.881496, 13.166247
13.476027, 12.937027
13.002472, 11.746688
11.667972, 11.194870
11.074685, 10.151330
10.744230, 9.362741
9.293306, 8.206863
8.326676, 7.193202
6.949815, 6.188798
6.539927, 5.289374
4.166154, 3.308125
2.968105, 1.920970
1.385115, 0.712370
-0.990775, -1.530291
-2.585099, -2.597422
-2.607891, -4.216031
-5.748442, -6.297753
-6.395235, -7.987133
-6.987555, -8.382318
-9.965173, -9.921505
-10.548513, -11.709641
-13.632401, -11.981712
-14.350470, -12.208329
-13.659517, -12.433078
-13.836209, -14.441452
-14.313750, -13.796681
-13.790914, -15.345511
-13.681447, -13.996009
-14.950430, -14.187479
-14.010762, -12.553056
-11.922889, -10.686252
-11.143665, -8.897563
-9.256701, -7.360308
-9.506158, -5.758353
-5.044074, -3.382128
-3.045605, -0.462610
1.133835, 2.055639
3.447871, 4.699009
4.420194, 5.225061
9.061398, 8.510840
10.398141, 10.328451
11.696917, 11.119637
15.007365, 15.710937
16.376682, 15.744158
15.465536, 17.089731
17.748096, 18.961903
18.362392, 19.483805
17.808092, 18.910904
19.568590, 19.680986
18.358049, 19.034876
18.469194, 19.334585
18.970755, 18.697058
19.084534, 18.818438
18.522827, 17.723438
19.561407, 18.435335
18.368759, 18.068266
17.769779, 17.843918
18.903610, 18.173103
18.306654, 17.594830
17.128590, 17.134466
18.323606, 17.015791
17.788895, 16.952686
17.182384, 15.985874
18.423256, 15.844992
17.387630, 15.622667
16.591862, 15.581228
17.171068, 15.281191
16.567173, 14.550062
16.250759, 14.914667
17.163326, 15.444818
17.160627, 14.318535
14.754194, 13.714276
16.117523, 14.080701
14.751209, 13.269894
13.757006, 12.739955
14.977906, 11.992594
13.553312, 11.333016
13.139690, 10.736893
13.541517, 11.711034
12.346678, 10.682101
12.619538, 11.241232
12.652683, 11.713243
11.180632, 11.069068
10.581669, 10.165770
9.977278, 10.292233
10.016048, 9.443954
8.192946, 9.897898
10.135934, 9.555688
9.384886, 8.524963
8.303260, 8.712985
10.009841, 8.393593
9.380854, 8.434234
8.389173, 9.499392
10.137295, 9.376651
9.661241, 9.287735
8.995344, 10.547654
10.605192, 10.990348
10.854580, 11.699902
10.687427, 11.561194
12.411041, 12.162457
11.774934, 12.660828
14.290308, 12.974162
13.590730, 13.245296
15.376205, 14.043003
15.376205, 15.374691
15.381357, 15.734322
18.391747, 16.760712
16.632275, 17.373384
16.632275, 17.037006
17.830534, 17.296726
17.923229, 17.578283
17.923229, 17.725569
18.427025, 17.586702
17.220322, 17.389521
17.221054, 17.217857
17.227865, 16.747152
17.232801, 16.420515
17.232801, 16.269087
17.227163, 15.473300
17.512756, 14.866514
16.909439, 13.481297
15.026292, 14.067966
15.026292, 13.905812
14.890011, 13.591986
14.890011, 12.110130
13.360665, 11.148211
11.859129, 10.227283
11.897904, 9.094093
9.483302, 8.423203
7.876545, 7.084471
7.876545, 6.444693
7.876545, 6.035030
5.859333, 4.492390
4.040920, 4.157065
3.641390, 3.041881
1.845355, 2.510736
1.621042, 2.030390
2.304045, 2.759060
0.858648, 1.782293
1.126802, 1.306283
0.232971, 1.666266
-0.677179, 2.023544
-0.677179, 2.122791
0.226382, 1.265848
2.572322, 2.682721
3.715658, 3.117606
3.715658, 2.501818
3.901450, 3.605768
5.534674, 4.156747
6.158412, 5.873907
7.164775, 6.927435
7.759641, 8.862380
11.383679, 9.726895
10.868008, 10.299275
14.115762, 12.498293
14.830161, 15.628329
17.880869, 15.744246
16.652407, 16.767433
15.840180, 15.974511
16.457329, 15.861443
17.265875, 15.779468
18.903339, 15.134365
17.054100, 15.960238
18.384024, 15.472683
16.694647, 16.391220
16.585268, 15.318377
15.164809, 15.576088
15.164809, 13.851142
14.011839, 12.988153
13.592179, 12.734207
12.695191, 12.135468
12.046433, 11.329890
10.301339, 10.228041
8.966390, 10.143111
8.355045, 8.871644
5.535432, 9.291878
5.535432, 7.563952
5.945465, 7.801320
4.929547, 5.746160
3.566533, 5.139489
3.566533, 5.468305
3.368457, 3.606711
2.145527, 3.459478
2.248580, 3.062572
1.845677, 2.723923
3.570687, 2.787596
3.570687, 2.576554
4.742200, 3.124976
4.742200, 2.318810
4.992203, 3.198017
6.543376, 4.182189
6.631971, 3.944892
6.555280, 5.521252
7.111200, 4.267358
9.278242, 6.410425
8.350418, 7.163101
8.350418, 7.175632
7.716821, 6.455917
9.647223, 7.643919
8.949037, 10.803592
11.985892, 9.535167
12.569928, 9.874214
12.569928, 11.421669
12.558628, 13.123792
12.690639, 13.055779
12.589646, 12.448784
13.187699, 13.591828
13.187699, 13.288956
14.416396, 13.127483
13.128789, 13.180552
14.340677, 12.998219
13.890475, 13.537249
13.234911, 14.261605
13.234911, 15.344130
16.118280, 16.252113
15.474854, 15.320070
16.680687, 17.148239
16.652618, 15.680047
16.142576, 16.342356
16.142576, 15.155059
15.982544, 16.885887
15.982544, 15.249689
16.001474, 15.635577
16.001474, 16.343910
15.552811, 17.873850
18.397608, 17.644863
17.165941, 17.523285
17.308399, 17.579723
17.797407, 16.859524
17.797407, 18.629969
19.271658, 18.928061
17.786747, 19.055571
17.786747, 18.700264
17.790867, 18.196350
18.413771, 18.747179
19.576664, 19.135368
19.733730, 19.005348
19.733730, 18.971882
17.812397, 19.181198
18.940723, 18.824539
18.905170, 18.691092
18.905170, 18.290081
17.364960, 18.290581
18.310381, 18.151724
17.695032, 17.825260
17.695032, 17.488787
18.385157, 17.055857
17.283016, 17.513613
16.531500, 16.874369
17.753389, 16.010792
16.502630, 15.674953
16.502630, 15.087671
16.760548, 14.406116
16.760548, 14.148746
14.083701, 13.277354
14.083701, 14.253768
14.707619, 13.318454
14.707619, 13.338710
15.449424, 13.798142
15.449424, 14.086664
13.580676, 13.652249
13.580676, 13.330899
13.467289, 13.484596
13.467289, 13.468252
14.722480, 13.752089
13.438091, 13.600265
12.855438, 13.393483
12.855438, 12.867100
12.327566, 11.963835
12.327566, 11.309063
11.348216, 10.045409
10.721861, 9.467022
8.953808, 8.245781
8.953808, 7.572920
7.092525, 6.289655
7.092525, 4.907547
2.968391, 3.808446
2.968391, 2.189425
-0.890269, 0.683396
-0.890269, -0.874033
-3.187258, -2.565769
-6.413751, -3.974829
-7.750716, -5.229815
-7.750716, -8.154166
-9.953973, -9.496770
-9.953973, -10.828314
-11.304152, -11.438874
-13.031012, -12.134625
-13.824971, -12.093098
-13.824971, -12.516997
-13.676501, -12.804454
-13.676501, -12.854519
-12.645128, -13.844337
-14.018071, -13.787250
-14.275469, -12.292956
-11.651098, -10.925116
-10.389974, -9.491505
-10.389974, -7.626651
-7.246740, -6.142279
-6.714043, -3.643889
-6.714043, -1.801116
-6.714043, -0.031707
-1.592843, 3.003480
4.203777, 5.807110
4.203777, 6.098666
9.735377, 9.376197
11.757097, 10.414543
13.053036, 11.438324
16.673153, 15.587287
17.892159, 16.583065
18.355026, 16.509981
18.942823, 19.364811
19.540161, 19.797604
19.007893, 20.009382
20.804506, 19.818518
20.883888, 19.493137
18.923639, 19.142561
20.851707, 18.374578
20.128378, 18.165894
20.159889, 18.330141
19.759272, 17.528753
18.562365, 18.022480
17.817715, 17.548882
18.428276, 18.087996
17.160418, 17.238060
16.829788, 16.923040
17.463013, 16.347818
15.960991, 16.831985
15.397446, 15.997874
16.760477, 15.692246
16.135538, 15.151987
14.175891, 15.233749
15.360583, 14.922683
14.887672, 14.289922
13.642521, 13.908951
14.833423, 14.077878
12.976830, 13.105968
12.418450, 13.656919
12.418450, 12.519167
12.567647, 12.223258
11.321957, 12.415788
12.378462, 11.755025
11.184479, 10.709687
10.585310, 10.833444
11.863979, 10.418981
11.486257, 10.475767
10.006192, 10.538518
11.807307, 11.270496
11.191596, 11.451929
10.788092, 11.445245
10.599977, 10.636731
10.763661, 10.763167
8.814175, 9.964781
10.016108, 10.059781
9.414674, 9.482488
9.086864, 9.841331
10.602103, 9.235382
10.291634, 9.233366
9.406689, 10.580781
11.403343, 9.799923
10.602818, 9.286489
13.099028, 10.289292
12.420269, 12.092546
11.797072, 12.102601
14.436478, 12.151200
14.386221, 12.753878
14.267687, 12.599697
15.438396, 15.025683
15.707637, 13.566886
17.506548, 15.214477
16.857306, 15.355094
16.752308, 15.961784
17.225700, 17.117758
17.378622, 17.510427
16.831984, 17.525829
17.843153, 17.710011
17.241699, 17.790506
17.519714, 17.846348
17.953487, 17.767239
16.758623, 17.331259
17.226629, 17.485405
17.486715, 16.886772
17.486715, 16.704958
17.297348, 16.462179
17.297348, 15.649028
15.467037, 14.850939
15.474321, 13.827156
14.871426, 14.073888
14.871426, 14.470336
14.304603, 14.459571
13.092727, 12.414395
12.488447, 11.218964
12.504162, 10.371650
11.309916, 9.435742
11.309916, 8.429867
10.736293, 7.734950
10.736293, 6.931151
8.602949, 6.351418
8.602949, 5.710169
4.459498, 4.911524
3.681098, 3.496160
3.311725, 3.162513
1.689229, 2.511216
0.412849, 1.936314
-0.628784, 1.574820
-0.000000, 0.790412
-0.711672, 0.697763
-0.939056, 1.462228
-2.034303, 0.796059
-1.108888, 0.780830
-0.226442, 1.325794
0.610490, 1.508356
1.378016, 0.911990
1.131515, 2.002729
4.301682, 3.825299
6.603235, 2.559918
6.603235, 5.086123
7.451231, 6.553146
10.099753, 7.751429
12.792151, 9.926130
13.477446, 10.346483
14.833766, 15.185012
15.405617, 14.618680
15.950780, 16.063629
16.617710, 16.385130
17.234720, 14.806265
17.000099, 14.887604
18.025291, 16.184734
17.083967, 15.101325
17.083967, 15.315379
16.423214, 15.934755
16.562538, 15.527866
14.538582, 15.330359
15.316710, 14.121915
13.918081, 13.152831
13.286279, 12.884744
11.448842, 12.580196
10.835511, 11.589676
10.463026, 11.210914
9.589820, 10.268912
8.400186, 9.873199
7.785538, 8.443652
6.564425, 9.543002
6.564425, 9.160038
5.942813, 6.938194
5.417934, 5.700373
4.100208, 6.240469
4.305219, 5.627673
3.676013, 4.368948
4.506837, 2.935943
3.872979, 3.932966
4.892185, 3.471724
4.278918, 3.358000
3.963661, 3.120477
4.478858, 3.314769
4.524099, 2.678774
5.889688, 4.695487
5.889688, 3.126539
5.888832, 4.260476
7.230942, 3.031223
6.585338, 4.897458
7.109136, 4.058429
7.257024, 6.621224
8.542999, 5.098840
8.426316, 6.987127
7.719770, 7.748249
10.980543, 10.249241
10.148030, 8.290373
12.139065, 12.164190
11.345603, 12.011740
11.345603, 11.134282
13.188364, 12.525216
12.549689, 12.620457
13.723009, 12.728930
13.922887, 13.643803
13.792947, 12.871491
15.130079, 13.240453
14.374323, 12.956587
17.012251, 16.427874
16.766762, 15.766885
16.109034, 16.271692
16.716175, 16.256413
16.736340, 17.170523
15.711213, 16.601534
16.974955, 16.271288
16.085415, 15.936424
15.479124, 16.448654
15.780313, 14.370151
16.939432, 16.846834
15.474521, 17.276369
17.862225, 17.191593
17.919558, 17.305597
16.055933, 17.057610
17.997755, 16.124674
17.233446, 17.572706
18.667162, 17.453674
17.820934, 18.950634
17.211700, 18.885410
16.611294, 18.076237
18.727524, 18.183939
18.727524, 18.657785
19.190109, 19.160275
18.624971, 18.979156
17.178587, 19.102827
19.139915, 18.925297
17.905695, 18.940870
17.182322, 18.787819
18.386728, 18.226992
17.787161, 18.449175
18.049572, 18.129730
18.387081, 17.959896
17.153490, 17.673744
16.555113, 17.389626
17.182417, 17.555664
16.583031, 17.149212
18.549633, 16.465992
17.710920, 15.651575
15.907574, 14.987703
15.545041, 14.683419
16.523598, 14.246066
16.037109, 13.568545
15.552778, 13.781611
16.061592, 14.010695
14.689541, 14.610026
15.864043, 13.971929
14.967505, 13.894168
14.188021, 13.787498
15.267785, 13.252778
14.698745, 13.491206
13.710245, 13.407222
14.043862, 13.886724
13.649535, 13.330504
12.575561, 12.730331
12.300814, 12.147684
11.672446, 11.267794
11.139234, 10.442438
10.564116, 9.744019
9.310850, 8.898162
9.000913, 7.929603
6.933611, 6.825305
6.563103, 5.794461
5.760417, 4.784359
2.976418, 2.999831
2.025954, 2.029909
0.792893, 0.598783
-1.200540, -1.221016
-2.425904, -3.017173
-3.761497, -4.805298
-7.170000, -6.134652
-7.818153, -8.744039
-8.381577, -8.516185
-11.011284, -10.525414
-10.395622, -9.067758
-11.204754, -11.088620
-13.837399, -12.462358
-14.369992, -12.852202
-16.350012, -13.016139
-16.331703, -12.907878
-15.858451, -14.273104
-15.710403, -13.808213
-14.084457, -14.595437
-13.243835, -11.599781
-10.055389, -8.159083
-8.764469, -7.250787
-7.158732, -5.196103
-2.439175, -2.295477
-0.948467, -1.310655
0.882557, 4.890248
4.746315, 5.425006
6.406229, 5.911219
8.538075, 8.115687
11.789134, 11.435988
14.056023, 12.747855
14.424416, 15.367940
17.092760, 16.307037
18.487623, 19.191610
16.057346, 18.610767
19.709879, 19.625772
19.708780, 18.822718
18.060410, 19.204870
18.345093, 18.336803
18.477737, 18.391396
17.775280, 17.502851
19.572781, 17.495958
17.177935, 17.853256
17.255106, 17.320107
17.189816, 17.515194
16.072285, 17.379021
14.782440, 17.011263
15.981015, 17.218000
15.339334, 16.740984
15.505790, 16.322489
16.054182, 14.675349
14.860046, 16.097502
13.530321, 15.145920
14.724174, 15.482800
13.557873, 14.968867
13.585188, 14.796670
13.540931, 14.198493
13.162115, 14.331011
12.491923, 13.751287
13.565087, 14.246132
13.085059, 14.060898
12.424615, 12.831417
12.978250, 12.707313
12.608593, 12.808994
11.413684, 12.432960
12.985349, 11.928880
11.766392, 11.374537
11.415255, 10.892468
12.677899, 11.427353
11.199612, 12.140562
10.890927, 11.391547
10.694172, 12.427152
10.583038, 11.905423
10.648457, 11.856778
10.842156, 11.422134
10.189799, 10.456355
9.489687, 10.146705
11.261482, 10.639994
10.790478, 10.733268
11.183003, 9.613729
10.575024, 9.341019
10.212513, 10.351712
9.376053, 9.994797
11.156620, 10.147200
13.807516, 11.537997
12.978880, 11.043907
12.379854, 12.273910
14.175605, 11.754876
14.393432, 12.586964
13.592483, 12.824864
15.391488, 14.099243
15.415370, 13.744243
14.175490, 14.647175
15.974697, 15.617534
15.342147, 15.750546
15.342147, 17.236086
17.242289, 17.088530
16.584658, 17.174770
18.435728, 16.969244
17.791239, 17.645130
17.209806, 17.780529
17.797739, 17.884184
18.011730, 17.464848
16.863695, 17.384638
18.022837, 17.145834
16.596790, 16.754925
16.675797, 16.230129
15.997172, 15.529185
15.646111, 14.771283
15.452798, 13.760937
14.850740, 14.074674
13.646626, 14.110774
13.073919, 13.923422
13.681027, 12.499587
13.160441, 10.855656
10.724565, 9.953046
10.046638, 9.149241
7.961948, 8.211663
8.460157, 7.536042
7.062597, 7.031202
6.536305, 6.756987
5.850791, 5.401383
5.673288, 4.461221
4.526103, 3.030727
2.690870, 2.772922
1.816174, 2.412671
1.868825, 2.220432
1.012286, 2.804741
2.232456, 1.504009
2.232456, 1.561743
2.980948, 1.329175
2.707280, 1.591076
2.030207, 3.093965
3.425835, 3.340336
2.988734, 2.257397
4.330029, 4.445038
4.079978, 3.961097
5.902483, 3.053675
5.936252, 5.414258
8.254630, 5.827744
7.180856, 7.437284
10.706518, 8.669469
10.706518, 9.673975
11.486508, 12.466061
13.478445, 14.895786
14.593874, 15.131110
15.491632, 16.147757
17.823868, 15.135920
16.935030, 15.494485
15.875639, 15.096724
15.875639, 15.044567
17.103931, 15.809377
16.531727, 15.197001
15.832042, 16.193247
15.832042, 15.426465
14.588640, 14.389521
14.682406, 14.400598
13.355090, 13.015439
12.894299, 12.945937
12.688122, 12.102038
10.846297, 11.635497
10.222939, 10.971363
8.996186, 9.591691
9.836519, 10.087542
8.413427, 9.067060
7.176506, 7.687860
7.176506, 8.997951
5.936334, 7.449008
5.936334, 6.872682
4.802425, 5.431516
4.124756, 7.247277
4.506571, 4.375855
3.877267, 3.478789
4.376062, 2.556373
4.048477, 3.624189
4.711572, 2.065166
3.354973, 4.713093
2.762919, 2.358880
6.271978, 2.141620
7.097709, 4.412692
6.821517, 3.358164
10.165836, 3.277408
1.481042, 0.246547
3.553498, 3.246456
3.553498, 6.690480
3.486109, 5.583376
3.465822, 3.857315
3.678453, 6.492590
5.192823, 3.938519
5.267039, 3.484221
4.740335, 3.114810
5.764184, 4.304138
5.764184, 3.128852
6.429362, 3.957499
7.932083, 6.369941
7.965350, 5.408076
10.725836, 9.262518
8.814281, 8.097516
10.617201, 11.056990
11.305666, 8.909466
11.270309, 11.616582
12.504723, 11.519505
11.899269, 11.809007
11.235716, 12.668223
12.689191, 12.404296
11.829535, 12.775101
13.032538, 13.268931
13.020711, 13.294694
13.087968, 15.155319
15.429141, 13.177619
15.720986, 15.796304
15.094023, 16.029818
14.202877, 14.317275
16.059977, 17.683960
14.795131, 16.003397
14.795131, 16.764872
15.470954, 15.037799
14.956866, 15.656837
14.970490, 16.274511
15.574978, 15.857280
14.992102, 16.880791
14.992102, 17.447363
18.080650, 16.652147
17.444769, 17.679018
18.442970, 17.921652
17.841570, 17.823046
19.667147, 18.126186
19.065092, 18.969448
18.460163, 18.665384
20.266047, 18.911901
19.066814, 19.035543
19.320293, 18.900616
19.133598, 19.260113
19.748846, 19.252253
18.420727, 19.303190
20.212666, 19.077353
20.479031, 18.928629
19.086267, 18.851816
19.607527, 18.657398
19.017017, 18.031012
19.809980, 18.063286
19.010012, 17.910152
18.042768, 17.742197
17.190250, 17.443171
17.151758, 17.232105
17.401262, 16.656246
18.547747, 15.780173
17.160378, 15.675524
15.939696, 14.923144
17.135174, 14.241808
16.167698, 13.884604
14.723941, 13.572784
14.730597, 14.150911
14.690697, 13.186989
14.086717, 14.038755
13.528966, 13.851727
13.496210, 13.844202
13.068747, 13.237275
12.308869, 13.227903
13.714492, 13.166085
12.964371, 13.474534
13.492194, 13.391323
13.167679, 12.735897
12.297954, 12.608842
12.309584, 11.812417
11.935343, 11.258594
11.209595, 10.170749
10.793861, 9.646945
10.026476, 8.801748
8.971279, 7.669014
8.162285, 6.759892
5.760024, 5.595265
5.362781, 3.343896
3.190270, 2.621045
1.585882, 1.209874
0.649244, -0.768849
0.649244, -1.999807
-3.059214, -3.727196
-4.662480, -5.839889
-6.972466, -7.167329
-9.125212, -8.610442
-11.034734, -9.204685
-12.497886, -12.012626
-11.713858, -12.771880
-15.692149, -13.536438
-17.200623, -14.269903
-16.329632, -14.109502
-17.755177, -15.180854
-15.252628, -15.410033
-14.994431, -15.486314
-15.611849, -16.443743
-14.842014, -13.422706
-14.046907, -11.536046
-14.072910, -10.915773
-10.291426, -8.063815
-6.392856, -5.989088
-2.388804, -3.819822
-1.945672, -2.184609
-0.000000, 2.827285
0.796016, 5.149611
5.404805, 5.703543
8.505380, 6.941240
7.752299, 11.242852
13.064147, 12.172369
13.728426, 15.298693
15.715679, 15.822290
16.379723, 17.570337
16.102669, 17.619118
18.354231, 19.743971
18.354231, 19.595270
18.952738, 19.359877
19.707253, 19.364311
17.854452, 19.261929
17.854452, 18.582472
17.171600, 17.983833
17.764399, 17.907635
17.984364, 17.875488
17.984364, 17.620686
18.491108, 17.951210
17.217709, 17.560783
16.606869, 17.766371
17.807365, 17.263086
15.991887, 17.072723
15.392192, 16.077953
16.721323, 16.742258
15.995797, 15.740191
14.208855, 15.983612
15.409603, 15.691454
14.157156, 15.285035
13.558967, 14.527383
13.555977, 14.466056
14.185121, 14.993416
14.167446, 14.743218
14.732062, 14.223376
14.733212, 13.659037
14.733212, 14.146544
12.964939, 13.498903
12.618341, 12.513193
12.000373, 13.277824
13.551553, 11.638254
12.563725, 12.089884
12.563725, 11.224933
12.546455, 11.634662
11.162457, 11.154835
10.568250, 12.636086
11.951863, 11.898019
11.368325, 11.780479
9.371303, 11.350706
10.600828, 10.713998
10.249411, 10.569509
9.367394, 9.981045
9.965314, 9.783097
9.392612, 10.161286
10.591668, 9.860796
10.007099, 9.691472
9.406673, 10.176987
11.367065, 8.982773
10.601421, 11.032499
10.270474, 11.294383
12.437960, 11.388716
12.021421, 11.566119
11.186282, 12.230514
13.647402, 12.263246
13.001183, 12.485720
15.509615, 13.209419
14.796432, 13.415365
14.196577, 14.470131
15.980563, 15.726672
15.980563, 16.542404
15.987381, 16.270786
17.186434, 17.234959
17.196545, 17.155792
17.795506, 17.657633
17.891279, 17.755169
17.338758, 17.826740
17.227425, 17.590158
16.608469, 17.395399
17.208776, 17.069952
17.883640, 16.647120
17.268433, 16.011032
16.044628, 16.123650
16.044628, 15.366230
16.084673, 15.086534
15.443899, 14.118733
15.443899, 14.147301
15.443899, 13.651130
14.492621, 13.448259
14.492621, 13.384403
15.445450, 11.225312
11.226995, 10.423303
10.625548, 9.763303
10.661707, 8.799792
8.814437, 7.817693
9.415421, 7.074080
7.148941, 6.705882
7.637702, 5.714609
5.711260, 3.921315
4.318450, 3.691035
4.318450, 3.021561
2.057297, 2.732119
1.618856, 2.162111
0.607283, 1.852151
-0.000000, 1.930207
-0.000000, 1.620587
-0.000000, 0.823434
0.789419, 1.269255
0.451696, 2.120295
1.462417, 2.201188
0.906821, 1.260687
2.853195, 2.632912
2.853195, 2.600102
5.255768, 3.697588
4.687956, 3.602737
6.522374, 3.885018
7.574048, 6.467997
7.254112, 7.202780
10.027833, 9.456763
10.027833, 10.625187
13.440239, 14.127834
17.745571, 15.567975
17.745571, 15.491519
15.835322, 16.970345
15.835322, 14.757732
15.859742, 15.773646
17.700130, 15.556733
17.226994, 15.231114
17.226994, 15.826025
17.226994, 15.685063
15.811492, 16.253298
15.195460, 16.076759
15.452408, 15.254396
15.320864, 14.054765
15.320864, 13.788849
13.965516, 13.090683
12.722207, 12.233686
12.718099, 12.352624
12.064040, 11.777468
10.863850, 10.339438
10.863850, 9.335732
10.456002, 10.710705
8.983020, 8.008535
7.435004, 9.506892
7.435004, 7.866196
5.945858, 9.091784
5.945858, 6.623415
4.731896, 5.911789
4.731896, 4.945199
3.887935, 3.904968
3.887935, 2.734876
3.055164, 2.878269
3.055164, 2.384061
3.532407, 3.301705
3.532407, 2.524961
2.718482, 2.509254
2.718482, 3.333920
3.456269, 2.700583
3.456269, 2.613315
4.279717, 2.321458
4.279717, 2.212898
5.322648, 2.984428
5.322648, 2.603187
6.553180, 4.783620
6.553180, 3.960887
7.701841, 6.638059
7.701841, 7.015702
8.307508, 10.014397
8.307508, 7.724578
9.506989, 11.397361
9.506989, 8.258162
11.327477, 11.116587
11.327477, 11.927468
13.250220, 11.871178
13.264528, 12.677949
14.522666, 12.944258
14.522666, 12.821882
13.946629, 14.278018
13.946629, 13.283817
16.658003, 16.299238
16.658003, 16.167997
18.487745, 16.489523
18.487745, 16.783052
17.326048, 16.687773
17.326048, 16.445509
17.462776, 16.958130
17.462776, 16.666565
17.801426, 18.250513
17.801426, 15.905038
16.589243, 16.923567
16.589243, 17.860666
18.985897, 17.773827
19.076437, 16.953320
19.762985, 17.859901
18.999187, 17.179159
18.401289, 18.274445
19.001331, 18.820293
18.975410, 18.735329
18.031179, 18.781898
18.367657, 18.625174
18.327675, 18.735209
17.130432, 19.191996
18.565060, 18.905060
17.874254, 18.818272
17.104691, 19.022446
17.245245, 18.521275
17.697474, 18.495743
17.795387, 18.393591
17.795387, 18.160017
16.136759, 18.036604
16.136759, 17.500677
15.429517, 17.544727
15.429517, 17.056852
17.197237, 16.996992
17.245533, 16.582636
15.926135, 15.755638
15.926135, 15.462680
14.801931, 14.955758
14.801931, 14.986705
14.098926, 14.048876
13.653677, 13.362148
13.653677, 14.242063
14.685033, 14.280150
13.686128, 13.543365
13.686128, 13.762909
14.147482, 14.048738
12.906046, 13.840371
13.078742, 13.778165
13.078742, 13.420139
13.773194, 13.482480
13.773194, 13.728845
14.059086, 14.078898
13.130155, 13.634525
13.466353, 13.062963
13.466353, 12.715191
11.686380, 11.923484
11.727625, 10.848125
11.257172, 10.050372
11.257172, 9.225256
8.120449, 8.233414
7.710465, 7.204836
7.710465, 6.037490
4.846519, 5.019094
3.579583, 3.723079
3.579583, 2.851257
-0.790293, 0.858790
-1.989538, -0.626459
-3.045564, -2.426343
-6.398907, -3.737896
-7.350078, -6.325868
-7.350078, -8.202767
-10.642570, -8.399870
-11.275321, -9.917768
-13.626551, -12.432676
-14.946501, -11.571980
-13.606849, -12.522469
-13.606849, -13.294118
-14.372645, -13.382466
-14.430957, -14.259440
-14.825545, -13.952064
-14.825545, -13.580088
-12.450109, -13.544001
-12.450109, -10.666754
-10.392372, -8.904615
-6.887017, -6.676260
-6.636064, -5.771393
-6.636064, -3.431951
-0.000000, -1.083162
-0.000000, 2.127913
0.000000, 5.013253
1.622259, 5.721945
7.227530, 7.643249
11.076735, 12.197534
13.354405, 11.370429
13.369442, 14.597401
15.081323, 16.089901
17.151369, 16.312435
17.151369, 17.209927
18.892555, 18.968985
19.025284, 19.663607
19.190727, 19.823469
19.190727, 18.746122
18.295315, 19.141426
20.094833, 19.105513
18.448034, 18.531290
18.351124, 18.083410
18.350483, 17.351051
17.771997, 18.147030
16.537846, 17.552805
17.733351, 17.628733
17.801985, 17.743145
15.964343, 16.957840
17.825710, 16.841166
16.560547, 16.682907
15.367253, 16.266029
16.564701, 16.097879
15.958688, 15.530644
14.809128, 15.324012
14.426589, 14.878697
14.983414, 14.563752
12.965127, 14.257435
14.161908, 14.525910
14.141088, 14.172298
13.122499, 12.968790
11.776983, 13.437278
13.053460, 12.762382
11.758836, 13.190100
11.424954, 12.454420
12.387220, 11.328518
11.929647, 11.133290
12.396750, 11.265474
11.796908, 10.473296
11.174177, 10.894206
10.593995, 10.820197
11.779704, 11.529017
11.779704, 12.058270
10.835714, 11.596371
10.835714, 10.805897
9.373683, 10.275012
10.827095, 10.067036
9.972177, 10.182475
9.972177, 9.331353
11.184080, 9.739653
11.184080, 8.617216
9.490631, 9.222568
11.297766, 10.501941
11.246564, 9.995874
13.211556, 11.401793
12.528262, 11.529221
12.035887, 11.944354
13.668133, 11.724880
12.954756, 12.258330
12.360553, 12.183768
14.161470, 13.246148
14.161470, 13.876428
13.780083, 13.664618
15.639613, 15.798652
15.398884, 16.146534
16.561237, 15.867788
16.561237, 16.698473
16.243378, 17.228643
15.374110, 16.854052
16.594097, 17.442606
16.155989, 17.363565
17.193996, 17.376726
16.613993, 17.293329
16.852177, 17.155296
17.250948, 16.970438
16.649170, 16.123642
15.995211, 16.054134
15.995211, 16.145899
16.211166, 15.088303
16.638237, 14.617419
16.036854, 13.949010
16.043600, 14.413324
16.043600, 14.061383
15.427695, 14.951266
13.706887, 13.530617
13.349223, 12.742457
12.664581, 11.863353
11.894914, 10.957844
11.894914, 9.733231
10.275141, 8.600094
10.275141, 7.337382
8.262760, 6.697725
8.262760, 5.692141
6.480791, 6.090734
6.480791, 4.544436
5.317585, 3.519287
3.916983, 2.495820
2.436410, 2.397313
1.623085, 1.826727
1.455670, 1.920203
1.455670, 1.070242
0.298878, 1.925802
-0.000000, 0.806530
0.408080, 1.836051
0.203893, 1.647704
1.274877, 0.896928
0.856965, 2.233272
3.095059, 2.610260
2.962406, 3.578009
5.463524, 2.271254
5.463524, 4.946647
7.967638, 5.118011
8.749594, 6.224255
8.063395, 8.327944
10.323593, 8.608835
10.903290, 13.081965
13.476512, 15.204806
15.581569, 14.498946
13.995743, 14.726574
14.739867, 14.536804
15.252316, 15.609364
15.264088, 16.388021
15.882901, 15.541459
15.836895, 15.938332
16.559595, 15.944593
16.534994, 15.731256
15.218587, 15.463804
15.242389, 15.015135
13.914375, 14.014096
15.227849, 13.304101
15.227849, 12.817808
14.148053, 12.916386
13.315433, 12.191120
13.378577, 11.680774
12.194729, 10.471045
11.490466, 10.659643
11.490466, 10.697052
10.873454, 10.305614
9.243050, 9.727160
9.806772, 8.629972
7.176535, 11.092192
7.841762, 7.577402
7.310709, 7.664440
6.560405, 5.155557
5.180130, 7.492265
3.374804, 3.816241
3.536119, 4.940276
2.657680, 2.591284
3.731658, 4.638743
2.039710, 1.879690
3.100212, 2.352635
2.038950, 2.357938
2.038950, 2.101120
3.653007, 2.708886
3.169022, 2.138708
4.507834, 2.502465
4.537600, 2.682053
4.053330, 4.452559
5.629625, 3.711570
4.855722, 6.207195
7.141025, 6.609441
6.453041, 7.443184
8.889435, 6.835774
9.864086, 8.424162
9.178651, 8.930161
12.008953, 8.498470
12.091290, 11.569750
10.925605, 10.415737
11.867694, 13.176115
11.867694, 13.041993
13.854231, 13.236363
13.844393, 13.398175
13.061119, 13.308367
16.224434, 15.495832
16.073757, 15.444283
15.478341, 16.630379
16.742443, 16.353226
16.758785, 16.580122
15.664219, 17.565372
16.911289, 16.373344
16.186438, 17.072947
16.186438, 17.923630
17.422752, 16.899027
17.333561, 15.824351
19.784847, 17.950750
19.022493, 17.316206
18.446472, 18.205149
19.017628, 17.459280
19.015112, 17.565586
19.055511, 18.101473
19.587589, 18.688705
19.782595, 18.915987
18.951841, 19.174799
19.550320, 18.703184
19.598534, 19.001240
17.122393, 18.996944
18.458647, 18.738815
17.150326, 19.008303
17.207756, 19.044680
18.324884, 18.900698
18.490294, 18.828695
18.885832, 18.719746
18.300314, 18.210503
17.703566, 18.199514
18.371971, 17.952604
17.699688, 17.765566
15.913579, 17.580721
17.107098, 17.268991
16.494081, 17.290089
15.861382, 16.677588
17.050985, 15.692038
16.493423, 15.588223
14.883051, 14.606684
14.066062, 14.109467
14.660401, 14.057734
14.096898, 13.208462
15.883828, 14.418487
14.655033, 13.577070
14.060911, 14.155688
14.697410, 13.920848
14.285319, 13.889299
14.270823, 13.808172
14.682494, 13.406578
13.463239, 13.592443
13.642013, 13.632398
14.647069, 13.892129
13.459469, 13.455828
13.469321, 13.128368
13.527761, 12.674728
12.883129, 11.928307
11.981453, 11.039585
11.906984, 9.925643
9.899656, 9.207957
9.469399, 8.222284
7.540074, 7.280674
6.355916, 6.166228
5.760049, 4.761590
3.376927, 3.350978
2.854295, 1.793971
1.584063, 0.470066
-1.601739, -0.918073
-2.981497, -2.951936
-5.764192, -4.501600
-6.360488, -6.166579
-7.577505, -8.315784
-8.729510, -8.485563
-10.360783, -9.934798
-10.387951, -12.358642
-11.037293, -11.765380
-13.686244, -12.759376
-14.542012, -12.506190
-13.685988, -13.037902
-13.006873, -13.673200
-13.006873, -13.639705
-14.814743, -13.992095
-11.807100, -13.780367
-11.048940, -12.955360
-11.078775, -11.594354
-10.082091, -8.848792
-8.837532, -7.298084
-5.557380, -5.605508
-4.514509, -3.780049
-2.672061, -1.463286
0.981399, 0.783611
2.754296, 2.869739
4.058596, 5.341146
7.114475, 6.314213
8.585716, 7.054914
9.763642, 8.523571
13.359348, 13.771911
13.923482, 14.487397
14.419470, 16.270330
15.972336, 18.556091
16.571299, 18.223576
17.131704, 18.628099
19.076796, 19.329370
18.935213, 18.943012
17.930271, 19.064262
18.942514, 18.926691
18.356491, 17.948555
17.992775, 17.950609
19.660240, 18.846071
17.769484, 17.699188
17.795649, 17.902380
17.793758, 18.217516
17.159414, 17.337847
17.159414, 17.071991
18.376152, 16.985350
17.369135, 16.856808
18.497639, 16.508743
17.776455, 16.149967
17.217726, 15.847367
16.141808, 15.377985
16.524334, 15.409941
15.982441, 14.884957
17.118208, 15.331442
16.704475, 15.087573
15.383299, 14.432082
15.968184, 14.684540
14.753922, 13.644370
14.143344, 13.628030
12.948132, 13.403731
14.168341, 12.485154
12.971016, 11.510611
13.581358, 11.874496
13.581358, 10.529674
13.234262, 11.405475
11.852103, 11.353882
12.369268, 11.241841
11.388815, 11.700070
9.377007, 11.154299
10.095854, 10.495417
9.367662, 9.984420
9.593981, 10.029788
10.678535, 9.585464
9.383158, 9.781521
9.380333, 9.421527
10.196725, 8.843721
9.493841, 8.192249
9.089909, 8.956528
10.854815, 10.185246
10.629118, 9.526599
11.803847, 10.964615
11.803847, 11.696333
11.270686, 11.435026
13.277605, 11.990384
13.033565, 12.226109
12.413817, 13.129760
14.215823, 13.655014
14.421033, 13.281073
16.193092, 14.851250
16.088478, 16.171991
15.415735, 15.683314
15.675278, 16.956739
16.633209, 17.263014
16.884121, 17.065630
17.231096, 17.184305
17.525278, 17.549831
16.035168, 17.467787
17.225290, 17.277987
16.044281, 17.157623
16.334444, 17.054718
16.854187, 16.490463
16.024214, 16.109104
16.610931, 16.103056
16.927925, 15.112023
15.433936, 14.958726
16.091885, 13.752382
15.691287, 14.222914
14.539497, 14.686885
15.524801, 14.567528
14.989082, 13.488547
13.668127, 12.335238
11.508614, 11.524367
10.795446, 10.371993
9.441033, 8.890200
10.344122, 7.841623
8.478211, 7.225351
7.665311, 6.191904
6.685419, 5.526900
5.880039, 4.903726
5.314744, 4.498727
4.347527, 2.963823
3.514783, 2.491667
2.837157, 2.607112
2.431849, 2.500577
3.254416, 1.493795
2.679088, 1.305315
2.875022, 1.864422
2.039610, 2.359169
1.430712, 1.740247
2.952262, 2.464364
2.350755, 2.374617
3.553551, 4.043938
3.066267, 4.098140
5.100206, 3.416182
4.862715, 3.913141
6.600256, 5.227709
6.629472, 4.517581
8.001087, 6.916371
7.980384, 7.721376
11.039366, 9.054356
10.761695, 12.244142
13.831996, 13.475309
14.211623, 14.212634
12.911256, 14.922802
13.394491, 14.863198
13.483887, 15.895687
13.951695, 15.614236
13.406983, 15.744552
13.941179, 15.697669
13.937329, 15.742204
13.937329, 15.176435
14.148367, 14.802275
14.613483, 14.102762
13.929617, 14.173047
13.929617, 13.090888
13.288915, 12.676456
12.043802, 12.305951
12.661380, 12.013396
12.315223, 11.165050
12.974284, 10.638430
11.622551, 11.193392
11.442876, 10.221770
11.601142, 10.370222
11.119509, 9.101494
10.293663, 10.581594
9.768403, 9.750160
9.871502, 11.242279
8.581015, 8.622782
8.566217, 8.494647
7.159086, 5.452890
6.545450, 7.654220
5.106194, 5.472035
5.106194, 4.282981
5.757741, 2.751416
4.726089, 3.313889
3.899122, 3.664140
3.936071, 2.604164
3.664371, 3.054375
3.664371, 2.001121
2.850066, 1.840493
4.478675, 2.407955
3.857576, 2.411791
4.866470, 3.743409
4.056396, 3.869178
4.056396, 4.847498
6.498959, 5.641177
5.884029, 7.423814
5.875737, 5.857222
7.071031, 7.911369
10.155323, 6.956604
10.155323, 8.939468
10.142412, 9.847617
8.863553, 9.662393
10.798236, 10.911170
10.833257, 11.982793
12.463159, 13.211441
12.463159, 12.316129
12.463159, 13.231353
13.083981, 14.720616
14.856322, 17.520935
14.856322, 16.445068
16.060890, 15.984162
15.551967, 17.334057
16.640352, 17.324024
16.640352, 15.891945
15.400580, 18.548019
15.400580, 17.777494
16.600626, 16.395947
16.855247, 18.464794
16.741976, 17.271757
16.759533, 17.833340
19.020620, 18.413830
20.824373, 18.248106
20.399389, 17.692305
20.399389, 18.125303
21.517681, 18.510059
21.517681, 19.070082
20.197704, 19.498045
21.541864, 19.353403
20.736752, 19.460909
22.174580, 19.027115
21.438383, 18.589869
21.438383, 19.177406
21.335962, 19.582050
20.672573, 19.327541
20.672573, 19.113264
21.600172, 19.108406
20.125675, 18.639732
20.125675, 18.670261
20.256397, 18.348417
20.256397, 17.986494
19.467054, 17.830219
18.945698, 17.747547
17.690666, 17.605394
17.690666, 17.017550
17.641562, 16.478975
17.641562, 15.917264
17.764801, 14.882115
17.764801, 14.674044
16.134212, 13.794120
16.134212, 13.952001
16.072453, 13.955603
16.072453, 13.790266
15.250047, 13.602305
15.250047, 13.540905
13.475031, 13.376814
13.475031, 12.767048
12.829538, 13.215574
12.829538, 12.995202
11.758707, 12.876352
11.758707, 13.714963
11.876272, 12.338266
11.055820, 11.939699
11.098374, 11.310349
11.098374, 10.645835
9.571695, 9.933337
9.571695, 9.261680
8.276633, 8.181847
6.958448, 7.322125
5.340434, 6.684776
5.340434, 5.624168
4.159815, 3.512208
4.159815, 2.218510
0.792045, 0.708431
-1.386079, -0.318084
-2.574274, -1.820803
-2.574274, -3.166829
-6.379804, -3.661831
-6.379804, -6.323522
-8.450954, -8.329911
-9.684980, -8.869216
-10.371497, -10.819907
-10.371497, -9.958594
-13.867406, -11.916716
-13.867406, -12.186741
-12.320961, -12.094923
-12.320961, -11.843676
-12.349596, -12.180251
-12.349596, -12.515024
-11.802428, -13.228010
-11.802428, -11.964141
-11.734898, -12.118922
-11.734898, -9.525349
-7.689495, -7.972023
-7.689495, -6.666872
-3.441012, -4.797364
-1.588160, -2.735911
-0.264865, -1.087021
-0.264865, 1.198704
4.237833, 2.841295
4.237833, 4.400016
9.162628, 6.682901
10.463422, 8.006436
11.092745, 9.332883
11.092745, 12.499501
13.549301, 14.939735
13.569198, 16.465784
16.714188, 18.319960
16.118429, 18.085844
18.560219, 17.088579
17.177319, 19.047676
17.464241, 17.793495
15.969245, 18.641441
17.765785, 18.300688
17.171951, 17.875845
16.574360, 17.357010
18.371582, 18.362829
18.497194, 17.813911
15.966529, 17.756102
15.966529, 17.548380
16.547096, 17.711252
16.008038, 17.171471
17.170103, 16.924669
17.170103, 16.900221
16.092844, 16.078527
16.678194, 16.078606
16.214294, 15.883763
15.606667, 15.487161
16.552761, 15.306928
16.025890, 15.510489
16.549307, 14.961567
16.549307, 14.655631
14.763155, 14.679136
14.176375, 14.456948
14.775377, 14.668487
13.571348, 13.721206
13.694842, 13.557506
12.996943, 12.784957
13.094625, 13.006060
13.094625, 11.462878
13.587611, 11.900455
13.587611, 11.267677
11.205186, 11.818488
12.405741, 12.052151
11.804045, 12.246202
11.203838, 11.805460
10.616768, 11.269403
10.015820, 11.019043
9.416973, 10.025719
10.651198, 10.097052
10.016366, 9.888940
11.465922, 10.071359
9.996269, 8.866395
9.412137, 8.610386
11.378201, 9.310202
10.614446, 9.940837
10.584666, 10.895255
12.373416, 11.569928
11.774703, 11.865832
11.778461, 11.992029
13.560503, 12.004088
13.281856, 12.603470
14.789616, 13.250212
15.021039, 13.301548
14.424537, 14.201486
14.391692, 15.435476
15.958701, 15.939542
15.618134, 16.021143
17.166487, 17.125553
16.814569, 16.992096
15.974520, 17.441198
17.221676, 16.994089
17.450737, 17.674709
17.205469, 17.577602
16.684488, 17.495445
16.155182, 17.037750
17.184637, 17.066492
16.585171, 16.587543
16.793671, 16.134560
17.219505, 16.063858
16.837503, 15.197297
16.837503, 15.099839
16.323864, 14.667615
16.053200, 13.704087
15.042951, 14.338952
15.515072, 14.370809
13.066522, 13.602274
13.066522, 12.474413
12.154662, 11.455319
12.178794, 10.706731
10.298389, 9.367113
10.298389, 7.844931
7.707499, 7.469785
7.707499, 6.857186
6.551964, 6.151780
6.551964, 5.560327
4.947364, 3.719052
3.337556, 2.724431
2.702533, 2.357780
3.463188, 1.926032
3.463188, 2.359777
1.054719, 1.321278
0.664113, 1.206407
1.629650, 1.690468
1.628852, 2.607418
1.840549, 2.167359
1.426723, 1.316881
3.396959, 1.317736
2.940090, 3.086597
4.619072, 2.436880
4.985481, 3.711823
4.985481, 2.564047
5.912451, 6.170166
5.912451, 6.937671
8.670012, 7.038809
7.803011, 8.136243
12.802715, 9.363431
12.774887, 11.143348
13.963316, 14.936547
15.710812, 15.552554
16.275221, 15.126152
15.489872, 15.266975
18.397409, 15.527195
18.397409, 15.198650
15.780802, 15.155811
15.169997, 16.075462
15.169997, 15.996811
16.552292, 15.518750
14.589040, 15.780559
15.205478, 14.288980
14.550756, 14.230561
14.856978, 13.285214
14.204580, 12.730653
13.279684, 12.529689
13.968596, 12.402715
13.968596, 10.990075
11.458275, 10.701922
10.240330, 10.319041
9.707047, 9.691143
8.395640, 9.205073
7.838230, 8.299139
6.565729, 10.056524
5.950191, 6.869322
5.808747, 6.370115
4.536333, 4.969255
5.129000, 4.023296
3.890892, 2.867257
3.672708, 2.874882
4.129349, 3.852767
3.262227, 3.249883
4.698539, 2.461454
3.721082, 2.659372
5.441159, 2.590896
5.051968, 2.842397
4.077316, 2.237010
5.777835, 3.202089
4.672602, 2.453050
5.888764, 3.011111
5.888764, 3.762357
5.272893, 4.283558
5.881304, 4.675292
6.510843, 4.632564
8.284487, 7.125817
8.516471, 6.794662
10.230522, 9.330431
10.136886, 9.195642
10.276643, 9.634588
12.026553, 10.536208
11.424864, 11.251360
13.155612, 12.136933
12.519209, 12.052673
12.761404, 13.476691
13.698925, 12.548400
13.698925, 13.535821
13.056458, 13.060048
13.056458, 15.256458
16.095678, 16.239367
14.871106, 16.591110
16.070551, 15.593679
15.467904, 17.931705
15.424589, 15.799369
16.890717, 18.452250
16.776438, 18.645847
17.456694, 16.974140
17.340197, 17.000788
16.290134, 17.574028
16.220270, 16.418364
19.030491, 18.223181
18.437893, 18.298609
20.227180, 17.879799
19.025566, 17.940992
19.197882, 17.361687
20.481785, 18.437433
20.277161, 18.851492
20.277161, 19.380732
20.352446, 19.020958
19.722933, 19.185368
19.181763, 18.845249
20.121918, 18.910444
20.339622, 19.147327
18.554611, 19.288971
19.625040, 18.861555
19.625040, 18.785515
18.482155, 18.679466
19.673016, 18.522594
18.855698, 18.270115
18.828066, 17.996944
17.717209, 17.852720
16.426188, 17.845406
17.619635, 17.300638
17.729511, 17.294123
17.218788, 16.668335
17.183775, 15.776963
15.855219, 15.647717
15.532183, 15.011315
15.519725, 13.473666
14.067141, 13.476034
15.208014, 14.084167
14.764015, 13.412265
13.490651, 13.029884
12.895474, 13.625479
14.049713, 13.459960
13.489697, 13.151319
14.721245, 12.903020
13.450249, 13.087703
12.981695, 13.253239
13.444324, 13.733509
13.543805, 13.189566
11.670426, 12.679760
12.387597, 12.031242
11.855370, 11.381533
10.532294, 10.389559
10.116553, 9.865806
9.310118, 8.901001
7.527329, 7.994859
7.625333, 7.049159
5.743755, 6.203269
5.185138, 4.308611
3.192367, 2.841155
2.181373, 2.181013
1.223496, 1.286761
-1.036738, -0.285575
-2.691767, -1.782904
-5.987330, -4.196859
-6.426090, -5.098793
-7.090858, -5.596610
-7.872912, -9.490212
-9.722554, -8.752040
-9.727037, -9.492709
-13.043073, -11.216120
-13.685479, -11.773102
-13.023279, -12.011832
-13.876043, -12.979729
-13.720078, -12.899112
-13.751582, -13.550283
-12.596191, -13.394433
-12.505787, -14.220946
-13.280293, -11.664132
-12.588395, -10.255574
-8.470193, -7.838095
-7.686786, -6.642896
-3.772808, -5.437572
-2.119447, -3.366924
-0.529082, 1.355659
3.174495, 2.762327
4.040014, 5.031173
5.782150, 5.902775
10.077116, 7.244196
11.268923, 9.083567
11.127393, 10.412585
14.411976, 14.745174
15.235736, 15.498636
15.969350, 17.201462
19.655861, 19.452826
19.210211, 18.499954
18.975363, 18.684408
17.917639, 18.714571
18.421091, 18.343098
16.759480, 18.512119
18.512075, 17.806915
17.442564, 17.866093
16.575363, 17.206665
15.999067, 17.809309
17.381273, 17.919830
14.780170, 17.219744
16.012510, 17.462378
15.412042, 17.344725
16.434019, 16.590771
15.390237, 15.908947
14.984758, 16.477560
14.806067, 15.578376
15.371163, 15.416182
15.426414, 15.459392
13.580778, 15.190210
13.580778, 14.642320
13.567224, 14.592915
13.567224, 14.658789
13.167450, 14.184556
13.571530, 13.740935
12.374042, 14.128380
14.180632, 13.975843
14.260493, 12.873790
12.481685, 12.642063
14.439923, 12.505882
12.983555, 12.204915
11.785073, 12.200158
12.965968, 11.316455
12.658953, 11.908252
11.360423, 11.737594
13.610710, 12.972977
12.398109, 12.635136
11.412524, 11.759959
10.600739, 11.411400
10.251799, 10.782989
9.410272, 10.155335
11.364445, 10.284064
9.391787, 9.887272
11.190214, 9.845401
10.723487, 9.861869
9.391308, 9.826519
11.189643, 10.098696
11.265625, 10.194530
10.697474, 11.688382
13.116830, 11.202627
12.396876, 12.079636
13.596574, 11.884333
13.852142, 12.068526
13.017050, 12.559813
13.017050, 13.056556
15.439736, 13.679636
14.806521, 14.492146
16.765070, 15.485067
16.045490, 16.126976
16.091431, 16.688925
17.410191, 17.012766
17.430342, 17.548296
16.625433, 17.195051
17.908192, 17.432272
16.639927, 17.646364
16.888382, 17.656788
17.834642, 17.273947
17.248156, 17.161968
17.849834, 16.813251
17.233166, 16.197474
17.360195, 16.402466
17.871641, 15.865354
16.812267, 15.079109
16.083124, 14.723820
15.480007, 14.061854
15.723468, 14.097998
14.434652, 14.486611
14.928926, 14.260445
13.314392, 12.841665
12.535028, 11.762895
11.265480, 11.025880
11.275997, 9.862870
8.976183, 7.936383
8.371530, 7.220989
7.100209, 6.874801
7.100209, 6.280835
6.560493, 5.433745
4.463327, 3.671708
4.061011, 3.227186
2.436607, 2.447764
2.848644, 2.172266
0.406310, 2.215928
0.000000, 1.671683
1.217367, 1.940851
0.810213, 1.452238
1.012766, 1.904801
0.903760, 0.931186
2.589656, 2.170783
3.257263, 1.501743
2.978675, 2.291168
4.305249, 4.096444
3.668344, 4.537141
6.576199, 3.374427
6.576199, 6.455993
8.862958, 7.030424
8.645076, 7.465482
11.350890, 9.078563
11.350890, 11.003296
14.174901, 13.556358
15.197543, 15.517120
17.773981, 16.883732
15.846899, 16.150249
16.436970, 14.848246
16.418743, 15.900453
15.187337, 14.859821
16.452110, 14.493687
16.500244, 15.222614
14.609677, 16.231270
13.992368, 15.371985
14.569281, 15.912020
14.818834, 14.230710
14.802953, 13.574524
13.323781, 13.239941
12.160294, 12.401144
11.430312, 11.808882
10.372757, 11.567266
10.198120, 10.743295
9.612026, 9.948173
9.674728, 9.447196
8.992541, 8.960794
7.770380, 9.610600
7.275293, 7.819218
6.562669, 9.060779
5.947419, 6.334252
4.922002, 6.374733
5.326007, 4.723319
4.158267, 5.568531
4.329766, 3.201719
4.155983, 3.463804
3.873656, 2.813303
3.462007, 3.715658
2.851065, 2.498157
4.071219, 2.761248
4.079732, 2.482378
5.509492, 4.135883
5.305437, 3.002543
6.713038, 3.806050
5.913677, 2.769773
6.415702, 5.218982
7.228467, 3.334077
7.453917, 3.547382
8.576307, 5.100924
8.005331, 5.449023
7.892980, 8.772540
10.185142, 6.979479
9.516252, 9.574953
11.902762, 12.341759
11.902762, 11.076247
10.108307, 11.048397
12.116644, 12.345675
12.134616, 12.972692
12.076353, 12.895041
13.134900, 13.604932
13.134900, 12.702039
12.719378, 13.104753
13.125076, 13.451619
12.778965, 13.815353
15.667690, 16.021517
14.883363, 16.131821
14.883363, 15.568535
16.330147, 17.964327
15.521325, 14.794410
14.885651, 18.039253
16.075073, 18.328056
16.201523, 16.993519
16.076361, 15.795008
17.304531, 17.117144
15.448858, 15.736883
19.913004, 18.160419
19.051540, 18.007654
18.614309, 17.829021
17.845869, 17.988579
19.036039, 17.764084
18.599890, 18.497190
19.911751, 18.672861
20.866985, 19.330118
20.866985, 19.326817
18.960415, 19.046499
18.960415, 19.115721
18.350689, 19.208477
19.547474, 18.848328
20.344633, 19.244793
20.344633, 19.221510
18.914423, 18.624813
18.389467, 18.669945
20.158810, 18.648829
19.734482, 18.522980
19.059652, 18.269341
19.542515, 17.796387
18.897907, 17.555719
17.089582, 17.442978
17.685730, 17.498886
17.685730, 17.193806
18.346418, 16.371365
18.346418, 15.863239
16.518192, 15.162065
16.518192, 14.902089
16.056648, 13.871848
16.056648, 13.676843
15.241125, 13.302434
15.241125, 13.787190
13.444566, 13.235934
13.444566, 13.514619
14.265130, 13.322322
14.265130, 14.117405
14.059641, 13.175900
14.059641, 13.119158
12.876478, 13.056406
12.876478, 14.590698
12.255639, 13.341762
12.255639, 12.547675
11.662624, 12.334528
11.662624, 11.664052
11.056582, 10.754206
11.056582, 9.922600
9.333291, 9.228539
9.333291, 8.224725
8.777766, 7.508954
7.730694, 6.641247
4.959781, 5.164281
4.959781, 3.270570
0.593015, 2.228201
0.593015, 0.782322
-2.575918, -0.772157
-2.575918, -1.993008
-4.208609, -3.224115
-4.208609, -6.012505
-7.966182, -6.595760
-7.966182, -7.613489
-9.705164, -8.592155
-9.705164, -9.384509
-12.958190, -11.908406
-12.958190, -11.390012
-12.948050, -11.991023
-12.948050, -11.877779
-13.019213, -12.725543
-13.019213, -13.064322
-14.832256, -14.760649
-14.832256, -13.055151
-12.435626, -12.039678
-12.435626, -8.682580
-10.991959, -7.589296
-10.991959, -6.154009
-2.115722, -3.807847
-2.115722, -1.954672
1.949139, 1.057271
1.949139, 4.796949
7.692067, 5.218453
7.692067, 6.618150
11.766471, 10.901671
11.766471, 12.001473
14.656375, 15.143525
14.656375, 16.255133
14.666419, 17.431881
15.261003, 18.729675
17.842087, 18.524677
17.842087, 19.588398
17.680782, 19.019041
17.680782, 18.222347
16.527891, 18.980419
16.527891, 18.418327
17.735315, 18.219900
17.735315, 17.962025
16.584940, 17.769403
16.584940, 17.005108
17.412565, 18.026331
17.412565, 17.868319
18.068287, 17.530985
16.886726, 17.466574
16.011993, 16.890184
16.011993, 16.743647
16.243082, 17.111103
16.243082, 16.156160
14.860801, 15.895243
15.639798, 15.736298
14.179588, 15.569383
14.179588, 15.373725
15.347570, 14.628454
14.181058, 14.565255
14.181058, 15.345161
15.016972, 14.201180
15.016972, 13.637362
13.623475, 13.984447
15.040768, 13.870033
12.957271, 13.545158
13.124727, 12.377886
13.124727, 12.225828
13.690171, 11.610399
13.129023, 11.384223
13.128119, 11.404346
12.979683, 11.779661
11.781558, 11.155624
13.709729, 12.599343
13.709729, 11.232179
11.790478, 11.154813
11.388854, 11.150665
10.596724, 10.153722
10.596724, 10.312917
11.871138, 10.004026
10.690134, 9.273057
10.006701, 9.417437
10.118602, 8.915462
9.514174, 8.578758
10.601269, 10.151415
10.001198, 9.758183
10.015682, 10.133347
11.819629, 11.024572
10.609453, 11.494657
10.609453, 11.592274
12.459999, 12.165890
12.459999, 12.537238
12.992334, 13.264932
12.992334, 13.915664
12.415940, 13.530795
12.415940, 14.576298
14.218254, 14.613170
15.400098, 15.798876
17.265314, 16.575434
16.467337, 16.460524
16.798233, 16.497564
16.798233, 16.780933
15.550252, 17.118258
16.786366, 17.205029
16.677643, 16.866575
17.300201, 16.870056
16.689720, 16.367327
16.689720, 15.801444
16.086477, 16.200987
16.744574, 14.982441
15.453237, 15.008084
15.453237, 14.186827
15.015355, 13.637994
14.550299, 14.429397
15.110655, 14.637876
13.071704, 13.677098
11.838720, 12.588967
11.838720, 11.441063
9.702298, 10.811046
9.696543, 9.484705
9.696543, 8.437602
8.280398, 7.294978
8.280398, 6.593128
7.367676, 6.509725
5.869765, 5.463894
5.061905, 4.399369
3.935414, 3.240754
2.932317, 2.926532
3.249068, 3.021589
2.851225, 2.623905
3.354169, 2.143915
2.062409, 2.055842
3.160504, 2.498188
2.276687, 1.894213
3.478955, 2.942836
2.857661, 3.959889
4.582700, 3.848408
4.302992, 2.465275
5.532419, 4.552649
5.325410, 5.642350
5.325410, 3.821290
7.301606, 6.885156
6.571446, 6.736238
9.701423, 8.156120
9.701423, 8.512912
11.190675, 9.213344
11.222250, 14.490121
14.179913, 14.042748
14.866036, 14.189207
13.364425, 14.581527
13.408575, 14.601430
14.157477, 15.163580
15.265146, 16.382278
16.486288, 15.603480
17.112762, 16.235271
16.454889, 15.900126
16.454889, 15.909864
15.412127, 15.472522
16.005693, 14.895303
15.391831, 13.990029
16.049526, 13.372676
14.576673, 12.918334
14.576673, 12.249887
13.641192, 12.343045
12.678506, 11.621431
11.734013, 10.188256
11.734013, 10.227920
11.027468, 10.531058
10.451596, 8.715855
9.107492, 9.559855
8.076602, 9.761210
7.407430, 7.785782
6.563350, 7.119435
5.948036, 7.221328
5.373046, 5.066473
4.499806, 3.330621
3.525071, 2.595922
3.471854, 3.744905
2.044751, 2.521218
2.900908, 3.438787
2.650890, 1.861644
3.354827, 2.510537
2.521623, 2.551771
2.258048, 2.079496
3.657297, 2.395302
3.454114, 2.242729
5.503711, 2.981589
4.972940, 3.193542
6.539790, 4.015957
6.528555, 3.684096
5.864771, 5.851505
9.335913, 7.614854
8.515783, 7.206110
7.651083, 7.436631
10.514646, 9.595489
10.508289, 11.169538
12.820840, 9.806301
11.569528, 12.456306
13.082910, 12.161282
12.473888, 12.855270
13.079810, 13.089564
12.521151, 13.415776
13.673015, 13.704870
13.673648, 13.340519
17.261969, 16.650133
15.447499, 14.718383
15.632880, 16.439814
16.635502, 17.003809
16.225220, 16.887556
17.218805, 17.172558
16.668486, 17.321421
15.997088, 16.125319
17.198046, 17.894558
16.853548, 16.605770
15.984579, 16.693464
19.863766, 17.534021
19.095835, 17.980961
18.405426, 17.772799
19.656256, 17.275927
19.142006, 17.727554
18.707100, 18.331112
19.593399, 18.650045
18.982103, 19.108484
20.271000, 19.182535
19.549795, 18.615257
18.352871, 19.120308
19.575878, 18.796669
18.976618, 18.584848
18.377356, 19.141579
19.575878, 19.136896
19.014694, 18.924591
18.412436, 18.861862
18.926344, 18.361366
19.061890, 18.345783
17.687716, 18.296301
18.493385, 18.022324
17.092735, 17.820181
17.263468, 17.599627
17.732931, 17.185741
15.911590, 16.577291
17.793350, 15.984294
17.122086, 15.183218
15.413768, 15.052161
17.255285, 14.144686
15.869312, 13.907600
14.643055, 13.179852
15.209056, 13.668135
14.711758, 13.397194
13.502575, 13.621998
14.921327, 13.439085
14.088037, 13.434093
13.622281, 13.057720
13.604206, 13.235906
12.921025, 13.269422
11.943784, 13.261580
12.830345, 13.090280
12.238175, 12.725381
11.102342, 12.233787
11.697110, 11.653435
11.282063, 10.802617
10.718795, 9.973573
9.890304, 9.476086
8.837850, 8.495751
7.065870, 7.798324
5.736423, 6.502526
5.180140, 5.249321
4.608678, 3.774382
2.069925, 3.117959
1.226381, 1.634766
-1.817128, 0.827761
-1.988335, -1.559682
-2.880686, -1.573012
-6.402843, -4.238831
-7.093812, -6.125980
-7.726126, -7.431224
-9.050605, -8.116908
-9.712845, -9.532650
-10.540971, -11.067456
-12.978434, -11.918031
-13.032846, -11.600545
-13.259559, -11.925690
-12.361329, -12.985144
-12.361329, -12.414880
-11.015914, -14.459002
-13.231003, -13.129396
-10.849422, -10.727213
-11.199629, -9.639368
-8.875378, -8.507271
-6.413517, -6.745755
-6.100123, -5.409036
-6.101758, -2.937365
-0.925399, -1.129272
0.265654, 0.370314
4.250470, 3.822044
4.930211, 4.752780
5.190722, 7.764663
10.418954, 10.317797
12.036887, 9.407882
13.081793, 11.361574
15.380310, 15.319769
16.461870, 15.952914
14.754994, 16.748550
18.348459, 19.830015
17.815964, 19.262283
19.572012, 18.780571
18.972868, 19.484636
18.978796, 19.232790
17.830606, 18.635452
18.592813, 18.379293
17.779131, 18.559238
15.981241, 17.373825
17.178762, 18.293110
17.223343, 17.394035
17.762629, 17.551838
16.849669, 17.795374
15.347893, 17.180843
15.521725, 16.672224
17.173620, 16.591684
15.349947, 16.270481
14.751945, 15.868567
16.059267, 15.519979
14.829625, 15.195842
13.572342, 15.314845
14.764092, 14.612939
14.366607, 14.645101
15.644980, 14.928245
14.791955, 14.314416
13.846829, 14.074085
13.046141, 14.046441
13.597525, 14.123712
13.202970, 13.429681
14.176269, 13.817681
14.181112, 12.840061
13.177745, 12.053795
12.591358, 11.871629
13.589725, 11.648819
13.190692, 12.225722
13.209932, 11.280757
13.188393, 12.727428
12.395974, 12.352143
11.796169, 12.002645
12.047834, 11.066229
11.249866, 10.363234
10.809662, 10.341823
11.294972, 10.825797
10.586873, 9.343663
11.779588, 10.163191
11.942099, 9.143723
9.397734, 8.951696
11.197300, 10.461668
11.234933, 10.272276
10.181239, 10.134240
11.797861, 11.473382
11.312577, 12.039728
11.294540, 12.229474
12.994493, 12.279619
12.649545, 12.724422
14.466040, 13.437566
14.346319, 14.573200
13.622441, 13.792888
14.813157, 15.151939
14.843228, 14.520918
16.019241, 16.516821
16.267616, 16.252319
15.431880, 16.789434
15.433458, 16.772907
16.636065, 17.092428
16.062107, 17.036890
17.340202, 17.072290
16.764334, 16.752489
16.076290, 16.705664
16.926991, 16.380108
16.089781, 15.916518
17.296515, 15.947453
17.433615, 15.415275
15.708523, 15.303076
14.883146, 13.100455
15.540088, 13.711126
15.540088, 13.932691
15.842561, 14.748250
13.729912, 14.367214
13.115772, 12.583170
12.510429, 11.449195
10.694862, 11.065550
10.123046, 9.762170
9.515662, 8.647500
8.304850, 7.454133
8.304850, 6.927748
8.335671, 6.259898
6.497943, 5.359208
5.888761, 4.567298
5.063838, 4.607621
4.126877, 2.986158
3.038934, 2.849474
2.841486, 2.725881
3.278805, 2.012603
2.896303, 2.099560
2.080741, 2.368695
2.646099, 2.153725
3.349291, 1.948318
2.846941, 2.428113
2.955336, 3.406213
3.957500, 2.655531
4.143706, 3.069704
4.676124, 5.583497
4.497373, 4.193100
5.905030, 6.578017
5.905030, 6.388633
5.947685, 6.676232
7.793518, 7.835751
9.634154, 8.288650
10.359117, 11.781749
13.452324, 13.704532
14.322059, 14.542127
14.477503, 14.237501
15.062778, 14.405663
13.342640, 14.687524
14.895254, 15.305425
14.636798, 15.624364
15.255253, 16.110426
15.219094, 15.402814
15.382880, 16.627831
15.234941, 15.461988
13.307012, 14.625291
13.921182, 13.729522
14.572122, 13.373506
14.853998, 12.700164
13.965684, 12.774641
13.472897, 12.096741
12.692597, 11.638128
12.793289, 10.855479
12.925196, 10.233901
12.363526, 10.034635
11.529661, 10.105749
11.101600, 9.461834
10.256435, 10.058649
10.320480, 8.562678
9.615306, 11.223937
9.846610, 7.165388
7.918203, 6.864028
7.767233, 5.572755
6.704432, 6.838626
5.921826, 4.611796
4.281510, 3.883583
3.502383, 3.232781
4.564614, 2.558619
2.244263, 2.404888
2.852326, 2.768527
2.232522, 1.988508
2.240383, 2.526194
1.629369, 1.719145
1.424749, 2.136899
1.219745, 3.134336
2.941599, 3.146915
3.744926, 4.671113
3.609962, 4.661264
3.391514, 4.507888
5.870018, 6.041958
5.843744, 5.287241
7.866578, 7.893624
7.845895, 6.965702
9.863411, 9.082158
9.847188, 8.109910
10.841557, 11.526020
9.469309, 11.031316
13.234130, 12.853346
11.990972, 12.611267
14.897535, 13.028910
13.089606, 13.359206
17.379993, 15.329917
17.426096, 15.729087
16.062479, 16.542145
16.665382, 16.277342
16.909731, 17.674196
16.237490, 18.047388
17.257280, 17.583263
16.653574, 17.023842
16.793295, 17.599754
17.831089, 16.418753
16.113440, 16.829409
19.027046, 16.171444
19.308002, 18.184002
18.419912, 17.341286
17.218613, 17.749613
19.022650, 18.059719
18.416700, 18.233316
20.218334, 18.440975
19.617788, 19.099798
17.798189, 19.217260
19.260214, 18.445276
18.464144, 19.088577
19.557545, 18.835480
19.225069, 18.975531
17.961168, 19.207762
18.897406, 19.083389
18.415062, 18.891634
17.806114, 18.874308
19.557652, 18.433149
18.901482, 18.386221
17.112276, 18.126816
18.903097, 17.797508
18.296394, 17.773546
17.072565, 17.388092
17.072565, 17.420172
15.881455, 17.256845
15.315984, 16.905031
17.106165, 15.976453
16.694656, 15.503949
14.680572, 14.975294
14.041755, 14.220737
15.346416, 14.313347
14.651126, 13.708477
15.895008, 14.008144
15.895008, 14.703258
14.641189, 14.065764
15.993853, 14.344507
15.247772, 14.475675
14.083727, 13.477283
15.200815, 13.307696
15.200815, 13.592801
15.394029, 13.580625
15.435210, 14.034591
14.201050, 13.274608
14.201050, 13.164946
13.477921, 12.709167
13.477921, 11.694391
12.306904, 11.125516
11.674660, 9.999451
10.475346, 9.327729
10.475346, 7.925197
8.704020, 7.097068
7.513559, 6.249420
6.344969, 5.165246
3.767325, 3.190021
0.198251, 1.566017
0.198251, -0.343012
-0.198654, -2.031119
-2.594559, -3.025573
-5.770567, -5.531211
-6.367522, -6.859522
-8.390114, -8.991483
-9.674474, -9.475366
-11.208676, -10.429982
-10.334098, -12.273841
-14.266080, -12.881099
-14.581952, -13.258076
-14.343304, -14.503840
-14.343304, -13.386265
-14.343304, -13.837266
-14.973854, -15.448852
-13.683553, -13.629923
-15.568139, -13.528265
-10.817813, -11.980425
-10.817813, -9.324168
-8.443521, -7.473022
-8.443521, -6.574809
-2.922978, -3.415802
-2.922978, -2.171010
-1.428977, 0.075928
2.212207, 4.022086
6.310616, 5.300522
6.310616, 6.242232
10.442869, 11.237517
10.442869, 10.095700
12.624615, 11.702723
13.761161, 15.741515
14.164766, 16.513351
14.947386, 16.907923
17.849007, 19.793835
17.849007, 18.999914
18.371443, 19.309696
18.371443, 18.779245
17.225176, 19.026426
17.225176, 18.817684
18.376785, 18.657894
18.376785, 17.814734
18.559858, 18.094732
18.559858, 18.101124
17.446808, 17.667278
17.446808, 17.963074
17.897411, 17.580166
17.897411, 17.527393
17.197502, 16.849249
17.197502, 16.211357
15.550921, 16.342485
15.550921, 16.125774
15.344645, 15.762975
15.344645, 15.332557
16.131151, 15.225990
16.131151, 14.816105
14.934017, 14.934328
14.934017, 14.520152
14.174051, 14.172516
14.174051, 13.550846
14.456244, 14.397672
14.456244, 13.051807
12.995698, 12.922995
11.795502, 12.595373
11.786273, 12.324298
11.786273, 10.773599
12.402919, 10.944394
12.402919, 10.929381
10.771607, 11.150218
10.771607, 11.840352
12.547057, 11.969449
11.775668, 11.328280
10.568054, 11.448668
10.577592, 10.970535
9.978861, 10.140626
9.681747, 10.095129
11.798818, 9.987397
11.798818, 9.177328
11.782753, 10.107302
10.577859, 8.623397
9.394268, 9.096786
9.394268, 9.850333
11.199424, 10.001575
11.199424, 11.454860
12.385029, 11.588788
12.385029, 11.995859
13.563873, 12.159081
13.563873, 12.658257
13.036008, 13.014955
13.036008, 13.787989
14.196882, 13.961785
14.196882, 13.862437
16.242897, 14.653477
16.242897, 14.496011
16.606993, 16.436466
16.606993, 16.853495
16.026018, 16.858204
16.026018, 16.799852
17.319738, 17.484219
16.651552, 17.337547
17.831079, 17.250343
17.831079, 16.929077
16.787725, 17.007742
16.666130, 16.780895
16.190552, 16.346153
16.190552, 16.016052
16.054308, 15.611671
16.054308, 14.885064
15.435630, 13.927022
14.834242, 13.773895
14.244810, 13.479866
14.244810, 14.115966
14.918613, 13.371393
13.926627, 12.056959
13.124898, 11.475343
10.135239, 10.836539
10.135239, 9.029924
8.938430, 7.796832
8.938430, 7.305737
7.082051, 7.142224
7.347904, 6.110474
7.347904, 4.936330
3.883109, 4.615338
3.069540, 3.240927
3.040270, 2.576414
2.707723, 2.473789
1.272452, 2.459099
1.272452, 2.012435
1.629768, 2.338874
2.745165, 1.484061
2.249627, 2.462888
3.619399, 1.909017
3.446619, 2.287158
3.446619, 3.275745
4.098229, 2.643711
5.734072, 4.985371
5.785735, 5.262537
5.772754, 5.413095
8.095994, 6.333344
8.095994, 6.280619
9.022616, 8.489747
9.013631, 9.155278
11.492995, 10.911368
12.140359, 14.798348
13.996690, 14.912323
13.996690, 15.331270
14.666965, 14.662995
14.819352, 14.596571
14.819352, 14.659170
14.761891, 15.211899
14.761891, 15.764433
15.181965, 15.788395
14.663773, 15.859882
15.501334, 15.773668
15.501334, 15.011724
14.044196, 14.148024
13.309398, 14.101452
13.282841, 12.857479
13.282841, 12.527135
12.920299, 12.306444
12.146687, 12.188676
12.033397, 11.098673
12.033397, 10.311982
11.547873, 10.424196
11.547873, 9.933499
10.222677, 9.110483
10.249429, 8.661337
10.257593, 7.641510
10.257593, 7.933967
8.411227, 9.723607
7.152397, 7.989291
6.654189, 6.564813
5.932905, 4.655070
5.932905, 6.271158
4.294021, 3.084150
3.334581, 3.156069
3.334581, 2.486679
2.125001, 2.973473
2.039538, 2.392935
1.631630, 2.611018
1.631630, 1.980425
2.730318, 2.727872
2.264980, 2.264387
3.620108, 2.019520
3.222190, 3.456895
4.045660, 3.052383
4.252468, 5.185791
3.846365, 4.714854
5.870767, 5.940100
5.845572, 5.577839
7.953176, 6.562293
8.803924, 7.269047
8.520763, 6.973495
11.313025, 8.257592
10.267201, 10.697237
12.059657, 11.366601
11.851859, 11.970859
11.246405, 13.137766
13.664089, 12.524949
13.805842, 13.020479
13.875087, 13.464906
16.798004, 14.462051
16.888697, 16.477659
17.980656, 17.307009
17.968445, 16.218651
16.621716, 18.534019
18.470043, 17.756826
18.443106, 18.166508
16.603130, 17.424957
16.640406, 17.389065
17.394735, 17.378826
17.400347, 17.323341
19.652937, 17.682402
19.727657, 17.814777
19.268740, 17.022083
19.824566, 18.015001
19.042641, 17.101402
18.406925, 18.208796
18.406925, 18.736820
18.398071, 18.895617
18.398071, 19.120481
19.052767, 18.519627
18.550203, 18.610130
18.981436, 19.180281
17.740751, 18.896402
17.142750, 19.044815
18.900774, 18.971945
18.500414, 18.706264
17.806322, 18.593555
18.303907, 18.738909
18.450090, 18.238611
15.894505, 18.030018
17.144360, 17.843542
16.809586, 17.685938
15.910931, 17.137873
16.489262, 17.227573
15.297267, 16.914145
17.099794, 16.145031
15.969457, 15.474724
15.275043, 15.330309
13.431113, 14.605258
15.390563, 14.186002
14.048951, 13.820913
13.658064, 13.327344
14.641835, 13.121342
14.106248, 13.562460
12.914171, 13.733084
14.702689, 14.449512
13.509303, 13.965355
12.893760, 13.634651
14.083953, 13.320389
14.228727, 13.667245
13.555625, 13.569351
13.558029, 13.769071
13.459068, 13.235007
14.052851, 12.991798
13.459068, 12.298414
12.252357, 11.653266
12.430706, 10.730586
11.708410, 9.950200
10.803678, 9.164654
9.983831, 7.905488
8.828740, 6.827423
6.968323, 6.212906
4.562743, 4.345588
3.957747, 3.410386
2.412208, 1.728466
-0.395502, -0.495227
-0.594413, -2.039974
-3.453502, -3.759840
-7.173315, -5.806314
-8.027930, -6.675909
-10.592176, -8.477473
-11.283187, -9.122307
-11.742944, -11.457491
-14.317600, -12.045233
-14.965524, -13.448446
-15.121313, -13.964561
-15.003259, -14.765610
-14.618705, -13.717690
-14.598679, -15.360059
-17.528990, -14.659802
-15.951972, -15.431909
-13.231455, -15.600858
-10.882998, -10.110241
-10.078061, -7.848355
-7.691153, -5.900904
-5.306029, -4.040926
-1.896640, -1.267401
2.650897, 1.242632
4.502223, 3.930161
5.561569, 5.281813
6.652885, 6.631980
11.709078, 12.125361
14.875404, 10.292808
15.016656, 15.335311
16.346140, 15.619229
17.008821, 16.323637
18.978008, 16.894688
21.138201, 19.721014
17.732344, 19.139828
20.141016, 19.582277
18.960730, 18.861198
18.361044, 19.067036
18.649355, 18.577236
18.418020, 18.290623
17.764378, 17.749300
19.144218, 17.685223
17.171940, 18.001905
16.824415, 17.473675
17.327312, 17.619074
16.758989, 17.458450
14.710664, 17.245626
18.593735, 16.571558
15.873934, 16.483786
15.986180, 15.801051
16.569103, 16.065393
15.958964, 15.688096
14.767961, 15.079881
15.485809, 14.901766
14.767961, 14.649716
14.155173, 15.154660
13.657258, 14.992822
14.147667, 14.083987
13.559752, 13.753160
14.270392, 14.175379
13.579517, 12.941542
12.386271, 12.222216
13.876022, 12.291981
12.394458, 12.142534
11.793344, 11.324845
12.982210, 11.498857
12.983500, 11.282666
11.390239, 11.172508
11.203684, 11.959126
11.785010, 12.017450
10.833008, 11.377692
10.573081, 11.345152
10.165779, 10.367862
11.334524, 10.402285
11.184938, 9.890495
9.372094, 9.700579
11.208463, 10.026423
11.459480, 8.936221
9.996991, 9.207417
10.002481, 10.394193
11.202779, 9.965191
11.205009, 9.916007
13.115875, 10.515861
12.405540, 11.368147
13.607542, 11.648102
13.809304, 12.367730
13.730031, 11.942803
13.020729, 13.553528
15.005408, 13.340141
15.005408, 13.715652
15.401349, 14.714438
15.401349, 15.753459
15.674864, 15.896747
17.247282, 17.032204
16.617607, 17.057123
17.818880, 16.744347
17.233521, 17.071356
17.403208, 17.570265
17.943962, 17.677303
17.211939, 17.051954
16.690804, 17.129057
17.268568, 16.862679
17.320538, 16.687162
16.295013, 16.376297
17.560753, 15.822030
15.494495, 15.048155
15.494495, 14.048862
15.677294, 13.536292
14.297814, 13.975821
13.067411, 14.085544
13.670522, 13.590457
13.714292, 12.311416
12.017741, 11.080174
11.478385, 10.432086
9.440556, 9.507816
10.192006, 8.513845
8.980180, 7.324223
7.141085, 7.024705
7.891459, 6.489411
5.865254, 5.170335
5.464783, 4.473086
3.694235, 3.524022
3.296240, 2.647526
2.234483, 2.426525
1.636935, 2.597662
2.644603, 1.944507
2.034310, 2.524369
3.052396, 1.423939
2.645410, 2.158083
2.034931, 2.386934
3.869512, 2.119051
3.662781, 4.425539
4.748049, 2.384080
4.160012, 4.112321
5.592018, 5.550608
5.326155, 5.030141
5.326155, 6.865281
7.174149, 7.420945
9.017465, 7.708461
10.084882, 8.846474
10.007951, 10.474933
12.040283, 12.999492
12.927482, 14.872713
13.080777, 15.512241
14.719449, 15.609021
14.793193, 14.380262
14.493699, 15.254054
15.964138, 15.719740
15.851771, 14.866495
14.616569, 15.561610
15.851771, 15.588392
16.154062, 16.379066
15.959244, 15.636486
15.895189, 14.994350
14.570409, 14.171050
13.307459, 13.628418
14.018133, 13.080427
13.328492, 12.503136
12.892799, 12.450947
12.053489, 11.720238
12.244608, 10.675103
10.814487, 10.103067
10.470104, 10.455947
10.404738, 9.551230
9.649780, 9.514870
9.092927, 8.753082
7.789996, 9.983013
7.378348, 9.542410
6.765602, 6.985829
5.317983, 5.948410
4.906065, 4.880474
4.506005, 3.183719
4.488148, 4.715211
3.868409, 2.479537
3.094065, 3.518079
2.887182, 2.395251
2.537842, 2.535496
3.051471, 3.268271
3.103220, 2.268004
4.135324, 2.355131
3.874302, 2.128916
2.848795, 2.667921
4.078347, 2.252748
3.918087, 2.572715
6.191336, 4.457815
5.271797, 5.227747
5.105820, 6.267861
7.100318, 6.830515
7.166575, 6.342874
8.934317, 9.006487
8.317371, 8.941543
8.264076, 8.813082
12.059815, 10.677345
10.075046, 11.417614
11.888554, 11.768102
11.861841, 11.989241
12.752223, 13.264496
15.483904, 13.191669
13.674098, 14.151321
17.988157, 13.366710
18.123573, 16.817799
17.440071, 16.818081
17.886450, 17.124041
17.856585, 17.419348
16.652771, 16.014915
18.593451, 18.413826
16.650600, 17.551723
16.783480, 18.028822
16.735935, 16.437462
16.025602, 17.183960
15.568740, 17.198296
18.439342, 17.946659
17.838058, 17.007263
18.438961, 18.095057
17.827015, 17.185766
18.070133, 17.963659
18.422232, 18.729950
17.790298, 18.941368
17.434450, 18.479862
17.300776, 18.413168
17.867481, 18.623173
16.582333, 19.057840
16.719452, 18.933498
18.007730, 19.024042
17.218170, 18.880659
18.562725, 18.849625
17.735228, 18.598574
19.177013, 18.708746
17.745586, 18.570143
17.750526, 18.103432
18.627691, 17.805498
17.839705, 17.789387
16.656725, 17.724541
15.891808, 17.369505
17.248421, 17.327543
15.892410, 16.775112
17.919569, 16.026985
16.507954, 15.796092
15.451593, 15.016822
14.625491, 14.567380
15.829192, 14.321981
15.431592, 13.503313
16.426056, 14.686826
16.066730, 13.978886
15.316509, 14.367398
15.869091, 13.764633
15.269610, 14.748378
15.306157, 14.198892
15.885681, 13.532128
15.289969, 13.392306
15.227987, 13.738907
14.763126, 14.029294
14.763126, 13.490125
13.451798, 13.051933
14.071744, 12.960500
13.477163, 12.119707
12.378891, 11.379113
11.858850, 10.304066
11.895226, 9.500990
10.512819, 8.270551
10.022504, 7.262459
7.537494, 6.063863
6.499507, 5.020391
4.824220, 3.360179
3.062696, 1.452070
2.640306, -0.558862
-1.435840, -2.006334
-1.436268, -3.608347
-3.745345, -6.293785
-7.062924, -7.672255
-7.725073, -8.842819
-11.131448, -9.596263
-10.569722, -8.149154
-11.011032, -12.798985
-14.975005, -12.746420
-15.939984, -13.830873
-15.016846, -13.891650
-15.724540, -14.203945
-14.989765, -14.987514
-16.372766, -16.628187
-16.631468, -14.685634
-15.813438, -15.512904
-15.813438, -13.083093
-11.645191, -13.298886
-10.849590, -9.485026
-10.450177, -7.879881
-7.702830, -6.291673
-3.984269, -3.198103
-2.701946, -1.296026
1.326739, 2.802233
2.385301, 4.304851
4.298166, 5.331906
4.668954, 8.929299
10.449565, 9.748862
11.170219, 10.260186
12.682410, 15.248497
15.032734, 15.331005
15.032734, 16.666758
19.746367, 18.095734
17.208652, 19.566288
17.111662, 19.004223
19.050606, 19.535994
18.412973, 19.006830
17.738161, 19.485888
19.553404, 18.814095
19.046183, 19.037554
17.955843, 17.737074
17.155100, 18.612381
18.521318, 18.432991
17.957159, 18.033609
18.316412, 17.914015
18.316412, 17.595375
17.121864, 17.306103
17.729160, 17.205315
17.131548, 17.211952
16.554043, 16.202295
16.502062, 16.078810
16.502062, 15.759184
16.147429, 15.520985
15.328206, 15.279433
16.522612, 14.632510
15.384001, 15.370122
15.968620, 15.090509
15.968620, 14.062126
15.994809, 13.914514
16.636145, 14.192832
15.994809, 14.308081
14.178777, 14.233245
14.296508, 12.411885
14.343119, 11.978989
14.341854, 12.077988
12.648547, 12.575814
12.966154, 11.526544
12.528898, 11.422881
13.810478, 11.178233
12.358213, 12.549340
11.136736, 11.398613
11.136736, 10.823477
9.999483, 10.462769
9.999483, 9.971011
10.604179, 9.690207
10.791354, 10.033075
11.370362, 9.341496
11.370362, 8.951325
9.497995, 8.627551
8.204801, 8.574020
10.613343, 9.382511
10.012588, 10.154259
11.202410, 11.003550
11.202410, 11.580615
11.211604, 11.693577
10.625741, 12.160664
12.543992, 12.515825
11.810955, 12.824880
13.619777, 13.500079
13.819118, 13.194613
13.850015, 15.097630
15.656230, 15.062754
14.788743, 15.347685
14.788743, 16.869349
16.137314, 16.963720
16.137314, 16.372110
17.445230, 17.110083
17.376652, 17.542841
17.261673, 17.345896
17.261673, 17.027534
16.334307, 17.156651
16.334307, 16.935543
17.538073, 16.747252
16.172466, 16.235569
16.694071, 16.234215
16.694071, 15.181854
15.744296, 14.559578
15.744296, 13.237405
14.952867, 13.704288
14.952867, 13.191756
14.843372, 14.166795
14.843372, 12.646274
13.217463, 11.666567
12.142891, 11.067170
10.683379, 9.977711
10.683379, 9.118862
11.003720, 8.230792
9.575986, 6.878512
8.303248, 6.682168
7.089457, 5.885947
5.089541, 5.050543
5.089541, 4.165945
4.277026, 2.994010
4.277026, 2.549367
2.851351, 2.273234
2.879392, 2.331460
1.096011, 1.611258
1.096011, 1.627295
0.656829, 1.353876
1.501318, 1.498101
2.679501, 3.216438
2.679501, 1.951514
2.853558, 1.607078
2.853558, 3.333027
4.830570, 3.839216
4.830570, 3.253356
6.605867, 5.707015
6.605867, 4.615234
9.656132, 6.056180
9.656132, 8.279610
9.358040, 9.819838
9.358040, 11.015094
14.865497, 14.775851
14.865497, 15.177068
15.567239, 15.850100
16.383915, 13.809501
15.268375, 15.340645
15.268375, 15.595228
15.833644, 14.693225
15.833644, 14.965177
15.833644, 15.873388
15.814258, 16.053318
15.814258, 15.444538
15.457994, 14.847219
13.919621, 14.211364
13.919621, 14.098238
13.562586, 13.213763
13.562586, 12.673682
12.713315, 12.230071
12.108276, 12.137570
12.864332, 10.723469
12.109041, 10.241602
10.882671, 10.510160
10.882671, 9.798521
9.712647, 9.603544
9.712647, 8.222915
7.799241, 11.229872
7.799241, 7.836181
5.917730, 8.898720
5.917730, 5.033810
5.382521, 6.848697
5.382521, 3.843494
3.753199, 4.406703
2.698427, 4.037197
2.488063, 3.767633
2.488063, 2.063966
2.897030, 2.302596
2.442510, 2.793022
2.638310, 2.414594
4.324983, 2.685949
4.324983, 2.180904
4.082250, 2.827041
4.908029, 2.715760
4.908029, 3.970633
4.680582, 4.267400
5.898441, 5.233131
7.722085, 6.402816
7.722085, 7.498195
7.706207, 7.122790
7.706207, 8.567754
10.694376, 9.248598
10.694376, 8.175712
11.458497, 11.935832
11.458497, 11.175661
12.501022, 12.908013
12.501022, 13.255269
12.501022, 12.988447
14.293316, 13.354060
13.899920, 13.269945
13.899920, 14.062201
16.075748, 14.807034
16.117908, 18.110985
17.484529, 15.571459
17.484529, 16.945309
16.674576, 17.484648
17.277271, 17.642580
16.854528, 16.894838
16.854528, 16.813169
17.272030, 16.396177
16.044493, 17.753637
19.914520, 16.920248
19.914520, 17.939522
19.340277, 18.608261
18.608419, 17.695910
19.638739, 17.757444
18.436365, 17.944681
19.628124, 18.420868
19.884371, 18.896482
20.231918, 19.209106
20.231918, 18.607893
19.023655, 18.965601
18.940054, 18.791710
19.135952, 18.876616
18.360834, 19.017918
18.952780, 19.046463
18.325272, 18.893175
18.416426, 18.729002
18.291643, 18.588715
17.699909, 18.322546
16.462168, 18.196922
16.477013, 17.831512
17.692825, 17.881517
15.903662, 17.607862
17.703480, 17.122627
17.214687, 17.254471
14.731533, 16.588530
16.050783, 15.559114
14.702298, 15.550045
14.137410, 15.286388
15.300984, 14.135743
14.704843, 13.811599
13.108816, 13.367593
14.094642, 14.234608
14.214055, 13.305257
13.052377, 13.037954
14.710868, 14.110488
13.484021, 14.028288
12.260554, 13.776249
11.732396, 13.352942
13.740396, 13.438732
12.922734, 13.524798
14.329363, 13.780565
12.892051, 13.380757
12.401591, 13.024159
13.140602, 12.811548
11.709195, 12.034865
11.675027, 11.301339
10.525784, 10.390512
9.922957, 9.769998
8.136826, 8.736094
7.552803, 7.683558
7.601437, 6.632507
6.563934, 5.804708
6.563934, 4.397634
3.174424, 3.248218
3.168290, 1.831202
0.198195, -0.144125
-0.396390, 0.435368
-0.396390, -2.262670
-4.843128, -3.396452
-4.843128, -5.624113
-6.367312, -7.410157
-6.367312, -9.453949
-10.370433, -9.570682
-11.032376, -12.671471
-11.032376, -11.877982
-16.653379, -11.998994
-16.309099, -14.110442
-16.481848, -15.052398
-14.971522, -16.069777
-18.840141, -15.018899
-17.267815, -16.398748
-16.431890, -14.007913
-15.935593, -14.770154
-14.170096, -14.201811
-13.261920, -13.874322
-8.487629, -7.058928
-5.570006, -5.372642
-4.330555, -2.396322
0.529966, -0.235250
2.655120, 3.869069
4.549620, 5.032161
9.458629, 7.249647
10.906324, 15.198050
12.709702, 11.774410
15.102363, 15.740357
17.101204, 16.392937
20.270788, 16.510094
20.190634, 18.795702
19.750956, 19.830070
20.251570, 19.716209
20.358511, 20.032837
20.364401, 19.601856
20.452490, 19.802839
21.966103, 18.834841
20.295938, 19.346741
20.239040, 18.459633
19.589436, 17.931570
17.775129, 18.201412
17.180616, 17.979815
18.626225, 17.937784
17.845308, 17.559412
17.194448, 17.101780
17.754929, 16.874058
16.544958, 17.067223
17.778341, 15.783665
17.179071, 15.586473
16.907093, 15.618739
17.383583, 15.229388
16.092466, 15.040225
16.092466, 14.576157
15.692207, 14.543089
16.064571, 14.297373
13.877155, 13.598027
15.058286, 13.189573
13.745638, 13.169613
13.037784, 12.687172
11.965268, 11.787942
13.063293, 11.527775
11.203778, 10.437561
9.980709, 10.747394
11.178395, 10.235318
11.361855, 10.482859
10.011786, 10.798219
9.649029, 11.448393
10.000814, 10.684910
9.570384, 10.644512
9.450043, 10.140548
8.299837, 9.815813
7.595497, 10.139400
8.786218, 9.691856
9.070189, 8.840572
10.664813, 9.307292
10.109446, 8.828685
9.708343, 9.177371
11.889780, 9.909138
11.236769, 9.564331
10.634799, 11.487294
13.243045, 10.592884
13.082562, 12.290814
12.639860, 12.020118
14.207496, 12.073790
14.222079, 12.615920
16.757526, 12.855679
16.058844, 14.234446
16.011499, 13.925663
16.612293, 15.075194
16.607994, 15.860439
16.607994, 16.635052
17.841404, 17.057522
17.240009, 17.578075
17.240009, 17.645218
18.445856, 17.744026
18.592823, 17.985701
18.092117, 17.710770
18.119806, 17.399179
17.280916, 17.251337
17.886751, 16.923927
17.305111, 16.818460
16.107307, 16.180235
16.711332, 16.107470
16.115868, 14.976926
14.881070, 14.224674
16.087643, 13.699594
14.277783, 13.571445
13.671097, 13.519938
14.378175, 13.586194
13.687922, 11.886220
11.368518, 10.870297
9.453677, 10.111186
8.289445, 9.305697
8.405476, 8.302526
8.274239, 7.418132
7.259890, 6.685503
7.328010, 5.826871
5.536703, 4.388137
4.507007, 3.681863
3.830956, 2.922851
1.296383, 2.551783
1.673559, 2.241431
0.810406, 2.878723
1.620812, 1.841711
2.518818, 1.649742
2.699044, 1.200863
2.577565, 1.941541
1.572470, 1.051015
3.402250, 2.149207
3.175433, 3.560429
5.214832, 3.762364
5.263615, 2.528371
6.593395, 5.425838
6.593395, 3.045721
6.593817, 6.842634
7.978405, 6.570373
8.071907, 7.795055
10.278996, 9.284337
12.102592, 9.181551
14.163425, 12.751348
14.502737, 14.921851
16.255497, 15.331121
14.586200, 16.053183
15.202519, 15.054021
15.231716, 15.707256
17.319426, 15.436297
15.881421, 15.028498
17.359484, 15.726420
15.239663, 16.097761
15.224316, 16.199829
14.770125, 15.452907
14.659969, 14.526797
14.150076, 13.893074
13.319411, 12.954129
12.704669, 12.838840
11.471590, 12.073529
11.649921, 11.883159
10.934818, 11.346881
10.414893, 10.391329
9.710698, 9.598718
9.221492, 9.672388
8.470072, 8.457853
7.195032, 8.281398
7.200165, 8.314771
5.957065, 6.848567
6.736246, 6.497867
5.946016, 5.996611
5.100763, 5.421944
5.200727, 3.935617
4.177102, 3.660840
4.281051, 3.698173
3.674909, 3.012113
3.340799, 4.268891
4.271259, 2.482763
3.254292, 2.432323
4.265234, 4.107501
4.062127, 2.388251
2.642367, 3.032723
4.052548, 2.124578
3.665653, 2.955422
5.034221, 4.151765
4.560387, 3.696404
5.406566, 6.252493
6.284771, 5.209857
